dominant_hex_1,dominant_hex_2,dominant_hex_3,dominant_pct_1,dominant_pct_2,dominant_pct_3,avg_hue01,avg_saturation,avg_value,std_value,colorfulness,warm_ratio,uri,engagement,engagement_rate,log_engagement_rate,performance_label_log
#B9B9AF,#413221,#79593E,0.3246,0.2796,0.2376,0.1401868730911819,0.3035759345491586,0.5305913725490197,0.21103448243722422,59.152540230622115,0.712,media/other/18005202119701873.jpg,42.0,0.042,0.04114194333117518,Medium
#C2C7C3,#AEADA1,#9C8769,0.514,0.1484,0.1252,0.2942507510018955,0.11386122745307578,0.6347780392156863,0.2277604615766161,59.39516688715056,0.2808,media/other/18067352005700577.jpg,37.0,0.037,0.03633192924739028,Low
#CABFBD,#131513,#BD9B89,0.3812,0.2348,0.2114,0.19179227728877013,0.24313388067814767,0.574875294117647,0.28894952495230947,71.35395366247342,0.7976,media/other/18045234064965601.jpg,26.0,0.026,0.025667746748577788,Low
#B2CDD9,#87C0EB,#A0816D,0.3056,0.248,0.233,0.430978214484966,0.30364365241839986,0.7116470588235294,0.24283197469733975,58.33933666504145,0.2454,media/other/17850460545325482.jpg,57.0,0.057,0.055434706888100586,Medium
#B29A8F,#9C857D,#836C65,0.3512,0.2956,0.152,0.08918429810539001,0.2454295837873845,0.5474635294117648,0.18928996001397302,45.37584996606028,0.9962,media/other/18365546479137722.jpg,48.0,0.048,0.046883585898850416,Medium
#8EB5D1,#3E5E6B,#1B2C31,0.3588,0.216,0.1978,0.48820530401646317,0.38143363726046464,0.575606274509804,0.23848971886209677,57.52653493357172,0.1056,media/other/17873021922248056.jpg,43.0,0.043,0.042101176018635396,Medium
#16100E,#DBB894,#B37E59,0.3594,0.3298,0.1376,0.11414821540678413,0.34775535494068044,0.5330847058823529,0.3664529225054213,82.13793328051712,0.9562,media/other/18099787519433485.jpg,24.0,0.024,0.02387276441155621,Low
#57512D,#C99F7F,#8E764F,0.2408,0.2294,0.2014,0.18189120352912008,0.4612758724064506,0.5358721568627451,0.2637695297652912,64.34961471123572,0.6142,media/other/18017275094400400.jpg,23.0,0.023,0.02387276441155621,Low
#4C4036,#28251C,#756053,0.3634,0.3144,0.1794,0.14851783070141222,0.2703406012945175,0.3679866666666667,0.23950949171891397,60.94139194940242,0.7716,media/other/18341377786181689.jpg,48.0,0.048,0.046883585898850416,Medium
#0F211B,#644328,#A56538,0.44,0.2582,0.1958,0.23256665315809724,0.6313292787756994,0.3860541176470588,0.2768678897916716,53.710783032804706,0.5692,media/other/17871385497248217.jpg,32.0,0.032,0.03149866705937099,Low
#332E2B,#B5ADA3,#968B7E,0.2236,0.2174,0.1968,0.19211989798840168,0.1376568933497647,0.5494,0.24007046226308448,60.66798958566384,0.8366,media/other/18312324601165370.jpg,71.0,0.071,0.06859279146561172,Medium
#0D0C0A,#693D21,#BBB3B2,0.2548,0.2186,0.211,0.1263724615547505,0.35583263709141455,0.45389882352941185,0.25887478893358,65.68612429341414,0.92,media/other/18251880559277711.jpg,71.0,0.071,0.06859279146561172,Medium
#0A0A0B,#6D6E6B,#949491,0.535,0.1384,0.1322,0.2713695634920635,0.09556624632173621,0.2595725490196078,0.2573001191430626,65.3415129359969,0.2756,media/other/18286463515244411.jpg,23.0,0.023,0.02387276441155621,Low
#A67252,#C09077,#BBAAA9,0.272,0.2276,0.2022,0.20075824831751482,0.44079152751108774,0.6257686274509804,0.1563812098652632,43.90687881206492,1.0,media/other/18029355590200854.jpg,51.0,0.051,0.04974209189481407,Medium
#3E291A,#5F4533,#836751,0.3672,0.2958,0.1718,0.07478175740512516,0.45327803995703486,0.422035294117647,0.20538750012035814,50.47483298399103,0.999,media/other/18079126801582368.jpg,33.0,0.033,0.032467190137501496,Low
#B78975,#A27357,#89583D,0.258,0.2536,0.1838,0.061950685355821815,0.5146476736196641,0.520235294117647,0.20842629252474212,45.08993648814498,0.9942,media/other/17950685771861085.jpg,28.0,0.028,0.027615167032973367,Low
#191A26,#0C0E13,#865C44,0.3802,0.292,0.1552,0.4185280407137727,0.4444054844372784,0.23288313725490198,0.17391334158139704,34.79725374721042,0.385,media/other/18333891850197642.jpg,27.0,0.027,0.026641930946421175,Low
#201E20,#B27556,#D29A7B,0.372,0.2418,0.2288,0.20161240496306254,0.47559990828493,0.48616784313725486,0.2836791528257639,56.59214470814859,0.7592,media/other/18001081853702049.jpg,34.0,0.034,0.03343477608623739,Low
#402818,#BE886B,#9C684A,0.3684,0.1776,0.1768,0.0629346974492899,0.52004166967953,0.5184635294117647,0.2356314723001395,50.74134782105792,1.0,media/other/18469879474004412.jpg,31.0,0.031,0.03052920503482287,Low
#BA8970,#D7AB97,#633E28,0.2454,0.229,0.2086,0.08579295714051947,0.448143957623701,0.585124705882353,0.2380926914045644,54.10629290600779,0.967,media/other/18043384040174169.jpg,30.0,0.03,0.0295588022415444,Low
#060606,#0D0C0D,#5B4530,0.6426,0.3374,0.012,0.27056884090882044,0.10583319672172865,0.045847058823529414,0.07207232035798437,16.066955808871658,0.561,media/other/18058889671885159.jpg,52.0,0.052,0.050693114315518116,Medium
#0B0D0C,#926954,#A5877C,0.4194,0.2444,0.1636,0.22672633292638505,0.3662744658011596,0.3329372549019608,0.25793415821307436,53.60735013059068,0.5856,media/other/18250104154279552.jpg,33.0,0.033,0.032467190137501496,Low
#603F2F,#BFBDB0,#8F7161,0.2412,0.2286,0.201,0.11048837456504916,0.344252139527312,0.5303686274509805,0.18959995782212474,54.80802312094051,0.9192,media/other/17888564025135715.jpg,44.0,0.044,0.04305948946044697,Medium
#090D0B,#764F31,#8C6849,0.3284,0.221,0.1768,0.18447951335309018,0.42524988795635493,0.36422039215686275,0.2434224789246641,57.73698764832718,0.6966,media/other/18038243330249716.jpg,37.0,0.037,0.03633192924739028,Low
#16110E,#46362D,#726258,0.3984,0.2154,0.18,0.10732253375258054,0.27489147627238014,0.3608549019607843,0.3097318773516069,76.81099635138595,0.8082,media/other/18473653444051754.jpg,53.0,0.053,0.05164323315183845,Medium
#917964,#A38E7E,#504B2C,0.3256,0.214,0.1774,0.10517132225084083,0.3873064657520033,0.4864101960784314,0.14722307182368216,37.28187571392675,0.885,media/other/18069261775628727.jpg,89.0,0.089,0.08525984395082342,High
#504744,#8D6859,#B19D8D,0.3528,0.2072,0.1836,0.28077539036734234,0.213719112715308,0.5226290196078431,0.22858450758164628,54.96209079481304,0.6184,media/other/18079880008560210.jpg,63.0,0.063,0.06109509935981088,Medium
#C9C6CD,#512515,#BA7B53,0.3024,0.268,0.1536,0.2749121374400235,0.4270931697432208,0.628521568627451,0.21582618175394816,65.60740182196902,0.6598,media/other/17859710583283432.jpg,48.0,0.048,0.046883585898850416,Medium
#020101,#7B4D32,#432111,0.9366,0.0212,0.019,0.12215833598140063,0.3055327110553688,0.04060156862745098,0.13177460913064407,25.180107043649368,0.7546,media/other/18013357607430719.jpg,37.0,0.037,0.03633192924739028,Low
#0D0503,#472813,#F5D2A2,0.3926,0.177,0.17,0.11323243628437792,0.5768577984591879,0.40029882352941176,0.3557503799714443,76.49648573224141,0.9882,media/other/17844205446360682.jpg,23.0,0.023,0.02387276441155621,Low
#C88D6B,#1B0F08,#884E33,0.2648,0.2034,0.186,0.06780389462432054,0.5665295116036612,0.5046705882352941,0.25847385526627087,50.654836802982096,0.9644,media/other/17957279600842240.jpg,46.0,0.046,0.044973365642731154,Medium
#C98D69,#181C1B,#778AA2,0.2434,0.2206,0.2062,0.32167808116532526,0.3609619968533478,0.5696792156862744,0.2912988550820062,66.98924134491524,0.467,media/other/18011725850450382.jpg,23.0,0.023,0.02387276441155621,Low
#26140C,#C5C8D1,#D8A384,0.2918,0.208,0.1922,0.1711991132217288,0.45305972364550307,0.5390078431372549,0.30198517831183497,73.88932616198967,0.7938,media/other/18027292796435260.jpg,59.0,0.059,0.05732506661926941,Medium
#383511,#684218,#8C6633,0.8706,0.0532,0.0376,0.14748072059874176,0.6858122810566442,0.26931686274509803,0.1377538881772797,28.91093470149435,0.6472,media/other/18112532017425835.jpg,42.0,0.042,0.04114194333117518,Medium
#4A3B30,#151414,#35271E,0.3194,0.2976,0.2934,0.17000617728919748,0.32866199603545465,0.22395529411764706,0.11571642053482199,27.350033266412016,0.7676,media/other/18016486802342025.jpg,53.0,0.053,0.05164323315183845,Medium
#AC843F,#C7A25B,#E4C47E,0.3324,0.2832,0.2058,0.11718429123851525,0.5388264574022081,0.7131866666666666,0.16014467321437473,36.721136270412465,0.97,media/other/18046054943009091.jpg,37.0,0.037,0.03633192924739028,Low
#0F1011,#42382D,#5B5F54,0.7956,0.104,0.0516,0.4119730043387889,0.1788313873707235,0.13162431372549016,0.13718585817271262,33.02664272121154,0.1916,media/other/18008211056648367.jpg,69.0,0.069,0.06672363204290818,Medium
#100B08,#AD7054,#C99075,0.3162,0.228,0.1838,0.07882815710292229,0.5151313805808179,0.44136705882352945,0.29103615654124865,56.23520577082808,0.9234,media/other/17947111085860729.jpg,93.0,0.093,0.08892620919440151,High
#1F110B,#3E281E,#6F412A,0.3268,0.2874,0.1722,0.11648000153504709,0.5242788897942366,0.3089764705882353,0.18398492487097146,40.410946956643556,0.8822,media/other/18049729309964369.jpg,47.0,0.047,0.045928931888399804,Medium
#131313,#080808,#282828,0.4298,0.2978,0.1358,0.005712518589178793,0.006123092062592868,0.10130666666666666,0.08869379589994933,21.54566925415563,0.9922,media/other/17902411119064658.jpg,40.0,0.04,0.039220713153281295,Low
#020305,#C9C1B1,#BEB19D,0.6746,0.137,0.1218,0.4340788069072627,0.46968543321620565,0.2529490196078431,0.3373511854351403,80.69558711626532,0.3258,media/other/17886741816130425.jpg,50.0,0.05,0.048790164169432,Medium
#9C8667,#836B49,#B29F82,0.3094,0.216,0.2088,0.09626449510584612,0.35633624527166985,0.6315607843137255,0.159968359808889,43.521290771797844,0.9998,media/other/18464603071033658.jpg,31.0,0.031,0.03052920503482287,Low
#C9C9C9,#131313,#A2A2A2,0.4244,0.1676,0.1584,0.0,0.0,0.5429764705882352,0.2719233082453389,69.34044360256136,1.0,media/other/18124121617380734.jpg,36.0,0.036,0.03536714383729131,Low
#976143,#855034,#623824,0.3938,0.3504,0.1236,0.06279161192314957,0.5696976820129616,0.5207858823529412,0.12933417518602572,25.38504706311841,0.9828,media/other/18140549269357512.jpg,49.0,0.049,0.04783732941416013,Medium
#A7704E,#533625,#252015,0.2692,0.2502,0.2156,0.08221425827032644,0.5162173715799138,0.4540360784313725,0.21911013795476453,42.06594729024213,0.9372,media/other/18041656108910199.jpg,68.0,0.068,0.0657877405380031,Medium
#252E21,#424D36,#667456,0.3388,0.2926,0.2012,0.271229384959156,0.31100085229553187,0.3686462745098039,0.19793741421358269,45.319292171765476,0.1536,media/other/17928717605848607.jpg,272.0,0.272,0.24059046491793043,High
#8D8C8E,#6F6E70,#A7A6A8,0.2868,0.2398,0.2346,0.558459815250746,0.04713315466175764,0.4982674509803922,0.14323428421004578,37.00136933107641,0.2706,media/other/18123882571382387.jpg,41.0,0.041,0.04018178963283184,Low
#161211,#D9D0AD,#A29470,0.2998,0.2228,0.203,0.3491899943443771,0.3715787374931948,0.5074517647058823,0.31351306631809184,73.75797055995616,0.8294,media/other/18082823350472328.jpg,30.0,0.03,0.0295588022415444,Low
#160503,#652916,#3A1308,0.3682,0.2514,0.235,0.049969630262062845,0.8011258057461058,0.2668321568627451,0.1769715946580174,30.50154729860999,0.9998,media/other/17917929887905981.jpg,35.0,0.035,0.0344014267173324,Low
#F5C08E,#723F21,#DF9C61,0.2234,0.2146,0.208,0.08696318906135843,0.610409874994273,0.6504039215686275,0.28923080029634035,62.316989183339444,0.9682,media/other/18028253036138671.jpg,42.0,0.042,0.04114194333117518,Medium
#141308,#614D32,#80694B,0.6422,0.1244,0.1154,0.13675907831068398,0.5540226469582386,0.197558431372549,0.17359935974701968,35.38944979578113,0.5992,media/other/18089766283493973.jpg,28.0,0.028,0.027615167032973367,Low
#040405,#361A10,#7D270F,0.596,0.2014,0.1022,0.32337019810095163,0.6171206476093704,0.1810894117647059,0.23760886857960847,49.13071019716026,0.4276,media/other/18049767487772229.jpg,32.0,0.032,0.03149866705937099,Low
#746254,#2C3A38,#94897E,0.2506,0.2232,0.223,0.2753855546761686,0.2790075968036268,0.4727490196078431,0.16529019598539074,42.83427717517867,0.538,media/other/18055603594883364.jpg,32.0,0.032,0.03149866705937099,Low
#C7C3BB,#5F331C,#25180D,0.491,0.2068,0.1334,0.11078254937029622,0.363805374030955,0.5842729411764707,0.24586777615233785,72.20168769167196,0.8664,media/other/18357843769187639.jpg,176.0,0.176,0.16211884947643518,High
#080601,#2B1B0C,#563C27,0.6832,0.1558,0.0856,0.1328690852405885,0.7879848901995796,0.12310901960784315,0.16316979823218705,33.41329744581961,0.6958,media/other/17898284112068441.jpg,57.0,0.057,0.055434706888100586,Medium
#261811,#B8BDCE,#592C1B,0.2524,0.2342,0.22,0.20291855575265044,0.47986435398872407,0.5038627450980392,0.2694997537338231,67.80159051492072,0.736,media/other/18439507759069649.jpg,78.0,0.078,0.07510747248680541,High
#221C06,#51471C,#8C7E3D,0.4954,0.1666,0.1232,0.14359249016489148,0.6429859442875253,0.3778454901960784,0.29575246774666,71.40428386757192,0.714,media/other/18053625265723166.jpg,39.0,0.039,0.038258712117090345,Low
#2C1310,#D2BD9D,#B5916E,0.3622,0.213,0.1584,0.11002485265891268,0.4839843738872305,0.47088,0.2730481890915354,65.59257199539037,0.9982,media/other/18046652818977170.jpg,82.0,0.082,0.07881118042428978,High
#88573A,#C09475,#A67554,0.3664,0.2572,0.1856,0.06640260230436264,0.46752197483012276,0.6386596078431372,0.13695575763846804,39.11498189518968,0.9986,media/other/17879912841151336.jpg,47.0,0.047,0.045928931888399804,Medium
#BABFC2,#C8AD5F,#AE7C33,0.4576,0.2934,0.1258,0.32236721992708905,0.3177600732866409,0.7434447058823529,0.12395665012490611,45.343852434104974,0.5234,media/other/18092660728468253.jpg,62.0,0.062,0.06015392281974709,Medium
#7D5040,#94634A,#613C32,0.3818,0.2858,0.1824,0.0930359300475988,0.45907312729968724,0.47904784313725485,0.1243682003586057,28.385477161923557,0.9772,media/other/17872236108122426.jpg,55.0,0.055,0.05354076692802982,Medium
#804C26,#603110,#A26F42,0.2698,0.2068,0.2068,0.07649673259150905,0.6248717738140367,0.6095278431372548,0.18385927469828595,45.83745226749826,1.0,media/other/18044375267064291.jpg,39.0,0.039,0.038258712117090345,Low
#46362B,#6C4E42,#161B14,0.432,0.3342,0.1194,0.08734155472485527,0.3808116718130612,0.3475725490196078,0.1508968670922955,31.76202986554262,0.9012,media/other/18042295397293158.jpg,95.0,0.095,0.09075436326846414,High
#484433,#66614C,#8F8871,0.3112,0.2618,0.2402,0.18004372483053863,0.24555571831331235,0.40718039215686275,0.1898245993841001,47.52929024696399,0.8014,media/other/18255018175269913.jpg,31.0,0.031,0.03052920503482287,Low
#020304,#38240E,#624322,0.6784,0.1304,0.1276,0.4247476787764366,0.6392622991652629,0.13453960784313723,0.19197041704045215,37.08121937624031,0.3344,media/other/18464493598028309.jpg,74.0,0.074,0.07138999608667293,Medium
#CCB180,#D8CEBC,#050605,0.2572,0.2424,0.2416,0.19070976288466376,0.4217919326441608,0.6048588235294117,0.33783514788045127,78.82761686768859,0.7396,media/other/17880943938075611.jpg,66.0,0.066,0.0639133257436528,Medium
#C48F59,#D7B187,#6B6E77,0.2668,0.241,0.2374,0.24903398836456417,0.36149226093182285,0.5910399999999999,0.25864004455684353,53.91192535099967,0.6444,media/other/17842060824328565.jpg,38.0,0.038,0.037295784743696894,Low
#9F7A62,#BCA98D,#6F584A,0.31,0.2274,0.186,0.10017261899063504,0.30741199432935107,0.5977811764705883,0.19481053879679502,50.65139819815615,0.867,media/other/18325896031158026.jpg,36.0,0.036,0.03536714383729131,Low
#BFCCD8,#87624E,#999885,0.5338,0.1688,0.1638,0.36007766077397746,0.23033605752445688,0.6941780392156863,0.19059255876803538,54.58603963931517,0.3654,media/other/18461594848038915.jpg,47.0,0.047,0.045928931888399804,Medium
#D9DAD4,#985D37,#BB804A,0.5022,0.1684,0.1678,0.1434800951476803,0.31392379088148525,0.737275294117647,0.18717654753082555,63.60482963500899,0.554,media/other/17856666741266562.jpg,164.0,0.164,0.1518623493092461,High
#956750,#AF816B,#734B36,0.3562,0.3006,0.2066,0.06130619599801215,0.4462749007902852,0.5562470588235293,0.1568343675802176,35.00676967502603,0.9846,media/other/18022755476417665.jpg,98.0,0.098,0.0934903430873389,High
#010404,#1D1208,#47271B,0.4276,0.3338,0.1758,0.25237696377710833,0.7640770245952035,0.13172392156862744,0.14917036604486578,29.770534548266653,0.5908,media/other/17893252362080781.jpg,66.0,0.066,0.0639133257436528,Medium
#A7A18F,#E1CC99,#BB9D61,0.5296,0.1494,0.112,0.1212172117943993,0.3200580309302058,0.642327843137255,0.17099311874924225,45.48938042259689,0.995,media/other/17882566206103724.jpg,61.0,0.061,0.05921185963184609,Medium
#342C27,#4D4439,#6B6051,0.322,0.2832,0.2062,0.10887591454438698,0.23045721660642562,0.3468321568627451,0.14206252768063488,33.31051915048317,0.9206,media/other/17889103545095709.jpg,307.0,0.307,0.2677344346420849,High
#020304,#362F25,#D0CCC2,0.8514,0.053,0.046,0.5208520979625759,0.6110001450324546,0.09409254901960783,0.2062561521332405,49.72335608413942,0.1256,media/other/17939946362781407.jpg,42.0,0.042,0.04114194333117518,Medium
#4D4335,#594D3E,#41392B,0.318,0.2816,0.205,0.09658245211504123,0.3158909558453551,0.31253803921568624,0.06485571626093238,14.816363950466618,0.998,media/other/17858751108250899.jpg,41.0,0.041,0.04018178963283184,Low
#5F3C2D,#3B2216,#855C49,0.3786,0.224,0.1972,0.07664902032544611,0.49262552982320795,0.45323921568627445,0.19804913289088447,47.572199545676675,0.987,media/other/17916606746985850.jpg,59.0,0.059,0.05732506661926941,Medium
#8A6D5A,#9C867B,#6A503C,0.3878,0.3348,0.188,0.08349181221545848,0.33035431914000535,0.5235882352941177,0.12683113070942761,33.38433203128222,0.9522,media/other/17989106804555889.jpg,59.0,0.059,0.05732506661926941,Medium
#EDE6DC,#130B07,#583E2C,0.4172,0.2444,0.1378,0.10125532038908393,0.287792772818698,0.6014580392156862,0.3599411880013713,92.43812189976116,0.9548,media/other/18062807653640533.jpg,43.0,0.043,0.042101176018635396,Medium
#212121,#909090,#6D6D6D,0.4886,0.1496,0.147,0.0,0.0,0.30958823529411766,0.20437921403500298,52.1166995789257,1.0,media/other/18326422351145349.jpg,82.0,0.082,0.07881118042428978,High
#020202,#F1F1F1,#B5B5B5,0.7958,0.0782,0.0536,0.0,0.0,0.14095372549019608,0.29263596389149893,74.6221707923319,1.0,media/other/18014448080322212.jpg,43.0,0.043,0.042101176018635396,Medium
#CCD0CD,#252624,#BCB5A4,0.6212,0.1304,0.1154,0.3372015306751328,0.13349083133683204,0.6886525490196078,0.2307219793219818,62.93069898043516,0.2772,media/other/18038905898122643.jpg,45.0,0.045,0.04401688541677433,Medium
#926244,#764C33,#AA7D60,0.3388,0.265,0.1658,0.13749870386732257,0.4626776771115532,0.5748117647058824,0.19213804113504196,54.49640132766945,0.8742,media/other/18456218011048830.jpg,66.0,0.066,0.0639133257436528,Medium
#63442B,#AE8F68,#886A49,0.3296,0.2676,0.2532,0.08854684626517531,0.4795738880636722,0.48973254901960783,0.18533218112044647,43.306731197151976,0.997,media/other/18042693433999823.jpg,38.0,0.038,0.037295784743696894,Low
#C4BAAB,#B3937F,#443B33,0.5574,0.1498,0.1388,0.10560727435486499,0.20052198198419185,0.6214674509803921,0.2293536287779255,56.552087169972786,0.9632,media/other/17862709995225803.jpg,58.0,0.058,0.05638033343610764,Medium
#0E1F21,#3C4847,#637576,0.2484,0.2284,0.1946,0.49189508296078266,0.35106860495352304,0.4371160784313726,0.2375670980096937,60.86617659298321,0.0674,media/other/17877153768138002.jpg,53.0,0.053,0.05164323315183845,Medium
#211B17,#3E3730,#63594D,0.3742,0.3596,0.1586,0.15686819646463318,0.27017324728181946,0.2896839215686275,0.2088372210789027,49.51687910785582,0.8558,media/other/17974486238764986.jpg,38.0,0.038,0.037295784743696894,Low
#C8CECA,#9B6137,#613C25,0.46,0.2462,0.1306,0.22794567281272365,0.32991032676230425,0.6293882352941177,0.2330855287857547,69.2581677041869,0.5144,media/other/18106327948420268.jpg,209.0,0.209,0.18979357163265562,High
#0E2533,#274355,#4E2809,0.5172,0.3142,0.0712,0.4745768075387405,0.6572605432498414,0.3119482352941177,0.1911217663215282,45.49279042618516,0.1778,media/other/18247786750270333.jpg,59.0,0.059,0.05732506661926941,Medium
#050F10,#878579,#232B2B,0.3898,0.184,0.1602,0.3731286219455254,0.3786791738190354,0.29693568627450984,0.23956836149927946,60.95441709507338,0.155,media/other/18241951717281534.jpg,45.0,0.045,0.04401688541677433,Medium
#190E05,#513B23,#8F7453,0.5404,0.1848,0.1448,0.09619514695755661,0.6132339456671893,0.29900235294117644,0.2623191654638049,61.10704375301858,0.9824,media/other/18035981891502153.jpg,60.0,0.06,0.05826890812397577,Medium
#121A53,#06052C,#BC977C,0.4336,0.307,0.1242,0.5245029439589087,0.7239772488383038,0.3571639215686274,0.20326625103126317,50.03391478843874,0.2398,media/other/17958644030689080.jpg,47.0,0.047,0.045928931888399804,Medium
#92A5CB,#758EBE,#A9B8D5,0.4034,0.2994,0.236,0.5770848216213282,0.31717948722096495,0.7860470588235293,0.07611168022192984,29.719534951165787,0.066,media/other/17946103076836768.jpg,43.0,0.043,0.042101176018635396,Medium
#090808,#A56F4F,#884F33,0.3302,0.2348,0.2164,0.16659511147976103,0.49937404354627124,0.40207215686274506,0.27824783769870726,53.620191235168676,0.765,media/other/17937870722778569.jpg,29.0,0.029,0.028587456851912555,Low
#D7DBE9,#372626,#A26A37,0.4522,0.2672,0.1162,0.4766345460618644,0.26199003848517616,0.6301623529411765,0.30171308827450616,80.35722099725662,0.4372,media/other/18075787819477816.jpg,77.0,0.077,0.07417939817425151,High
#AC978E,#978379,#C5B1A9,0.3762,0.3304,0.1344,0.0844929779423826,0.1868582378592238,0.6063458823529412,0.1490909235318662,35.92364698711304,0.9736,media/other/18055332136778544.jpg,207.0,0.207,0.18813794211539445,High
#BBB2C7,#928099,#945B3F,0.4704,0.145,0.1324,0.4941340109679356,0.3200370623277015,0.6081709803921569,0.21493451202735753,61.736033275900866,0.361,media/other/18004523168405848.jpg,65.0,0.065,0.06297479916138844,Medium
#111816,#3E2A20,#694A40,0.5526,0.2192,0.1152,0.29444656151807397,0.43821103954014723,0.2359788235294118,0.1986734365922676,44.4337232903461,0.5308,media/other/18060957856634788.jpg,61.0,0.061,0.05921185963184609,Medium
#061816,#8A7B75,#A3A09D,0.3284,0.1858,0.1812,0.3063063806001987,0.39324508015094806,0.3456470588235295,0.21819139843587626,56.62226220997451,0.4406,media/other/18102534739428893.jpg,64.0,0.064,0.06203539091945264,Medium
#C0BCB8,#B6A89D,#A78D74,0.3938,0.2782,0.1564,0.18141470943006116,0.18616365788070757,0.676598431372549,0.13114753555489428,40.76205910501573,0.849,media/other/17893945524058870.jpg,55.0,0.055,0.05354076692802982,Medium
#211B18,#8A847F,#6D635A,0.3184,0.2188,0.2058,0.09780586649334028,0.21154668661879245,0.35551372549019605,0.18164740018255032,43.33793962225999,0.9502,media/other/18195823267293456.jpg,125.0,0.125,0.11778303565638346,High
#33281E,#0D0E0B,#584838,0.5274,0.2926,0.0974,0.15050848081881368,0.3815070870684974,0.212681568627451,0.16242426857719683,35.29490846332536,0.7072,media/other/17854112100248006.jpg,56.0,0.056,0.05448818528406973,Medium
#3B2115,#240D05,#4F3327,0.2788,0.2492,0.2286,0.049259000719877315,0.6038221944592522,0.2806133333333333,0.1202845798376201,28.43094464177426,1.0,media/other/17953315721816843.jpg,48.0,0.048,0.046883585898850416,Medium
#7C5642,#694334,#46362C,0.3492,0.2982,0.2176,0.058130409077932835,0.4467566423975508,0.4036658823529412,0.11949938824209322,24.311444181472705,0.9972,media/other/18049516135858462.jpg,70.0,0.07,0.06765864847381481,Medium
#544940,#3D352D,#6B6054,0.2986,0.2758,0.2062,0.08034744140632967,0.23485812042522494,0.3277294117647059,0.11642368891361306,28.53856676336967,0.9984,media/other/17986568606549394.jpg,55.0,0.055,0.05354076692802982,Medium
#201C17,#3B332C,#7C6D61,0.4696,0.2542,0.1278,0.10354361619275772,0.2599704102910692,0.24494823529411766,0.15241460587479044,34.42369293341927,0.924,media/other/18024994208515299.jpg,56.0,0.056,0.05448818528406973,Medium
#0F1715,#303A38,#51605E,0.323,0.2596,0.233,0.45765692774577127,0.31795872376039835,0.2875701960784314,0.18488898279949112,44.6502242227476,0.0696,media/other/17884679940021700.jpg,46.0,0.046,0.044973365642731154,Medium
#092C29,#060D0C,#7B5B4C,0.3428,0.302,0.1386,0.33332183222374495,0.6239935259334529,0.24207215686274514,0.1959312480316705,43.4243766588246,0.3748,media/other/18065167399597365.jpg,79.0,0.079,0.07603468627599762,High
#392818,#634228,#BBBCBD,0.3636,0.2944,0.1432,0.1634523241612737,0.44241371078727354,0.4163490196078431,0.19736936759901721,53.64140793639026,0.7952,media/other/17882398335095233.jpg,65.0,0.065,0.06297479916138844,Medium
#232820,#3B4032,#AFB4BE,0.399,0.2502,0.1702,0.3372457855218452,0.1991384414793083,0.3479043137254902,0.2291632344636344,55.97295576318464,0.1228,media/other/18027028949218432.jpg,72.0,0.072,0.06952606264861023,Medium
#334343,#495958,#202E2C,0.3392,0.2956,0.2098,0.48009426618046847,0.24475525039972718,0.3112211764705882,0.11270541774298058,27.702685271595588,0.036,media/other/18019324949158419.jpg,79.0,0.079,0.07603468627599762,High
#995B38,#756666,#21140E,0.3026,0.2208,0.1734,0.09948707606092597,0.4726569858479359,0.47692862745098047,0.19319643396165917,40.30753758064413,0.9566,media/other/18039304432839800.jpg,57.0,0.057,0.055434706888100586,Medium
#4E3023,#6A4B3D,#32150B,0.271,0.2386,0.2122,0.051211041687059616,0.4996475280258614,0.3972807843137255,0.1675742117358996,41.90081247028002,1.0,media/other/18030760628137834.jpg,50.0,0.05,0.048790164169432,Medium
#2C2921,#191813,#9A7656,0.4064,0.3398,0.1812,0.13670913938841628,0.29670729868069456,0.2527764705882353,0.20376942423856798,40.14490892332474,0.659,media/other/18105144331414416.jpg,73.0,0.073,0.07045846364856141,Medium
#080F0E,#1B2B29,#B38F83,0.2846,0.2736,0.1692,0.28128106169162004,0.42363270423018057,0.3181992156862745,0.2467901737419746,53.11418125070679,0.4952,media/other/18015676136396133.jpg,70.0,0.07,0.06765864847381481,Medium
#2E3C3B,#435150,#1B2927,0.3476,0.252,0.2278,0.47522368614483224,0.2547072977119522,0.2828807843137255,0.11090964854237158,27.418017283770627,0.029,media/other/18009506885543551.jpg,46.0,0.046,0.044973365642731154,Medium
#835538,#CC9957,#ECD59B,0.2332,0.2226,0.218,0.22429016713878558,0.3722849386866777,0.6409866666666667,0.26539003693105806,63.83716369317366,0.7344,media/other/17925800663816967.jpg,41.0,0.041,0.04018178963283184,Low
#A77453,#72422C,#766E70,0.2672,0.2488,0.243,0.3527297933850742,0.35544182037075417,0.45435137254901964,0.1786311954942106,38.90731939314713,0.8674,media/other/17896016310023866.jpg,74.0,0.074,0.07138999608667293,Medium
#4D6661,#C47042,#130F0C,0.331,0.2534,0.2046,0.21413228747301646,0.43673190196362777,0.510961568627451,0.28589778212109457,52.44153430762498,0.5956,media/other/17972963996736884.jpg,39.0,0.039,0.038258712117090345,Low
#5E1A20,#73252B,#2D1011,0.5046,0.4334,0.0384,0.9443880972094243,0.6902700144637285,0.40632235294117647,0.08997328076701443,22.45926653060963,0.9996,media/other/17922989363926470.jpg,55.0,0.055,0.05354076692802982,Medium
#6D8E84,#E18047,#ECB888,0.2736,0.2602,0.2134,0.17036075423118027,0.5194671671379264,0.7276219607843137,0.19582922591250707,50.51327693104778,0.7172,media/other/18270038941174975.jpg,60.0,0.06,0.05826890812397577,Medium
#A06343,#25616A,#7E4A31,0.2776,0.2468,0.2322,0.17482228684648132,0.5949154003167978,0.522236862745098,0.14468433676893575,37.42959523495945,0.7466,media/other/18041373838925242.jpg,61.0,0.061,0.05921185963184609,Medium
#031A19,#76574B,#533D34,0.4672,0.1576,0.1508,0.2802029271450092,0.6001296926665499,0.2520439215686274,0.17322509487869364,37.996067026984925,0.4922,media/other/18100229539420784.jpg,59.0,0.059,0.05732506661926941,Medium
#53656F,#C8A569,#774D2D,0.2278,0.2186,0.212,0.2360522042966708,0.4537031110358719,0.5319529411764705,0.19263789714282437,42.74034049769251,0.6666,media/other/18190444993295328.jpg,55.0,0.055,0.05354076692802982,Medium
#3E474E,#565B5F,#292D2A,0.466,0.189,0.1624,0.44452628380418374,0.20791658792580384,0.36289019607843137,0.14516010495567308,33.62829506557862,0.1934,media/other/18008398001611283.jpg,133.0,0.133,0.12486898204586927,High
#142936,#091B26,#203746,0.4234,0.2892,0.2544,0.5427973400530763,0.6490598143970102,0.23053882352941174,0.10745900937800118,24.02459196382199,0.0438,media/other/18013553804224632.jpg,88.0,0.088,0.08434114843375087,High
#051217,#08363C,#423937,0.3032,0.282,0.1688,0.3792440617463647,0.56009043335075,0.280478431372549,0.18922190443912512,48.72248298139442,0.3468,media/other/17936217308853227.jpg,468.0,0.468,0.27544753478343825,High
#718D93,#302D2C,#914434,0.3634,0.2012,0.186,0.36064073796008833,0.3690605982105786,0.5011435294117647,0.17721831001099358,46.789471372528375,0.3382,media/other/18450965923058024.jpg,323.0,0.323,0.27544753478343825,High
#7B7C79,#40444A,#252528,0.3016,0.2184,0.2116,0.34218175065142903,0.19689603403704986,0.3456,0.18544976618628214,49.00074110746838,0.3556,media/other/18040563178900075.jpg,281.0,0.281,0.24764102291459722,High
#33484A,#192C2E,#526768,0.3122,0.2884,0.22,0.5001162181447546,0.36163773293849294,0.3455827450980392,0.1472302646703783,37.01171532201417,0.0458,media/other/17884489788065286.jpg,79.0,0.079,0.07603468627599762,High
#715F39,#4A3B1F,#9A885C,0.2564,0.24,0.1952,0.14647646954352075,0.5140686031792879,0.4311490196078432,0.2186818907337121,50.69641947667938,0.6528,media/other/17877997695097484.jpg,68.0,0.068,0.0657877405380031,Medium
#090D0C,#8A523D,#AB7457,0.3092,0.2914,0.2292,0.17537280709196398,0.5367398323411852,0.40173019607843136,0.2517106454255174,47.47638063825374,0.7164,media/other/17999583992423326.jpg,53.0,0.053,0.05164323315183845,Medium
#141909,#936B47,#584224,0.2892,0.2324,0.2146,0.15027085722204853,0.5287603353107952,0.44991372549019615,0.2710578594754098,62.15474686011291,0.6996,media/other/18404637241078566.jpg,61.0,0.061,0.05921185963184609,Medium
#5D4125,#88663C,#9CA96F,0.2204,0.211,0.2084,0.1707337975310882,0.46282388021813375,0.5220423529411764,0.2404309666193112,61.02615284631427,0.4734,media/other/18105765676403756.jpg,85.0,0.085,0.08157998699242289,High
#0D160B,#393F35,#989BA2,0.3408,0.2262,0.1498,0.44859481661229655,0.3203620538872718,0.3748666666666667,0.2764896369185239,70.18733687932773,0.0556,media/other/18091839637452286.jpg,80.0,0.08,0.07696104113612832,High
#0F2F20,#87502E,#4A2610,0.5962,0.1414,0.1388,0.2746995753267882,0.6555724162543547,0.32300549019607844,0.21735186308876767,51.6788113507726,0.4174,media/other/17953128281687608.jpg,67.0,0.067,0.06485097231961633,Medium
#434343,#2C2C2C,#0F0F0F,0.4386,0.2472,0.1836,0.0,0.0,0.23664392156862746,0.1398537670049774,35.662710586269256,1.0,media/other/18025525922324723.jpg,89.0,0.089,0.08525984395082342,High
#BCC3CA,#ADB0B7,#918B8B,0.4544,0.3566,0.0712,0.5272474025199436,0.14174825626245216,0.7022941176470587,0.1448364666654243,45.28540813859414,0.1748,media/other/17849817147232991.jpg,246.0,0.246,0.2199384203652614,High
#222222,#6D6D6D,#929292,0.2598,0.2132,0.212,0.0,0.0,0.30559686274509806,0.19142432199711953,48.81320210926547,1.0,media/other/17916896996941414.jpg,52.0,0.052,0.050693114315518116,Medium
#09090C,#17181D,#2D2E32,0.473,0.3858,0.1034,0.5121902723525318,0.21905113718906077,0.11612156862745096,0.13491986195637318,32.15100492890707,0.2068,media/other/18034025366003425.jpg,31.0,0.031,0.03052920503482287,Low
#000000,#0F0D0D,#1F1C1B,0.8406,0.1014,0.0444,0.04428808368775474,0.026303784469140806,0.020544313725490197,0.06689255554881146,16.567537141251545,0.96,media/other/18032148233107483.jpg,33.0,0.033,0.032467190137501496,Low
#030303,#3A3638,#5F585C,0.6626,0.1254,0.076,0.2679674190345812,0.10114274342728599,0.1601113725490196,0.24006308774305976,58.925932019315155,0.6746,media/other/18057879949612533.jpg,48.0,0.048,0.046883585898850416,Medium
#020202,#313030,#D9D9D7,0.7572,0.1002,0.0606,0.1135387303986711,0.04622185254003597,0.12441647058823528,0.2457493599604147,61.28151758147771,0.8202,media/other/18261104380245787.jpg,55.0,0.055,0.05354076692802982,Medium
#161513,#080605,#2A2B2B,0.483,0.3476,0.1328,0.3413057127638585,0.21949691337553462,0.09700862745098038,0.09356153813026503,22.576369593836006,0.591,media/other/18146433628320064.jpg,34.0,0.034,0.03343477608623739,Low
#020202,#2A2B2B,#151618,0.4844,0.1952,0.1886,0.21960182022137928,0.07199042194392799,0.09719686274509805,0.11065048039380687,26.879548151595014,0.6394,media/other/18109772368384882.jpg,28.0,0.028,0.027615167032973367,Low
#0D0D10,#040304,#141619,0.3738,0.3222,0.2718,0.4484135197170568,0.2118584927354159,0.0700313725490196,0.06881693013442057,15.92248285088512,0.3324,media/other/18351047257128529.jpg,41.0,0.041,0.04018178963283184,Low
#020202,#191C1F,#413B39,0.6242,0.2282,0.099,0.18454390188663453,0.184023839154131,0.09404156862745097,0.15227544518252553,35.54917891221761,0.743,media/other/17897877656937699.jpg,56.0,0.056,0.05448818528406973,Medium
#1A1714,#0C0907,#292827,0.4046,0.3776,0.1878,0.18031205253758908,0.23403195674515123,0.10557411764705882,0.0895146657649181,21.472509673278765,0.8252,media/other/18034068889949637.jpg,39.0,0.039,0.038258712117090345,Low
#3E402F,#645B47,#191A0E,0.324,0.2626,0.1522,0.15949813367001267,0.3600795339229066,0.4010525490196078,0.20359636064785236,49.61778958315648,0.6464,media/other/18358356151096364.jpg,58.0,0.058,0.05638033343610764,Medium
#020405,#20140D,#452C1F,0.6966,0.1796,0.073,0.34996612229264823,0.634823381865653,0.09394117647058824,0.1599649411320741,33.70566364215614,0.3394,media/other/17866084635113574.jpg,75.0,0.075,0.07232066157962612,Medium
#C3BBA7,#B39D7F,#3C2512,0.7132,0.0962,0.0696,0.10626460997178637,0.2642111842928023,0.7039670588235294,0.15022047953326265,46.912049248152016,0.9954,media/other/18031969951851726.jpg,318.0,0.318,0.27544753478343825,High
#39342A,#14130E,#CD996F,0.3378,0.3082,0.21,0.15667672269176083,0.39015001585172604,0.362398431372549,0.2883575940467746,57.217950496337586,0.6678,media/other/18037142605749234.jpg,67.0,0.067,0.06485097231961633,Medium
#5C3822,#B9855B,#224B3A,0.4268,0.2074,0.1684,0.17554527138928736,0.5243040866108694,0.47327843137254894,0.18734172728878312,45.04694268786244,0.6902,media/other/18048633694666140.jpg,403.0,0.403,0.27544753478343825,High
#D1CAC1,#C7BDAE,#BAAB94,0.4378,0.3182,0.1672,0.10002238584608228,0.1341878791768219,0.7722509803921568,0.0954525451399931,27.30489943497877,0.9972,media/other/18042940216745841.jpg,40.0,0.04,0.039220713153281295,Low
#D1CABF,#C7BCAB,#BAA78C,0.4676,0.324,0.1602,0.1012526595424557,0.14872740308038196,0.7819850980392156,0.07500791208400515,24.62693691292226,0.9992,media/other/17899997696987367.jpg,58.0,0.058,0.05638033343610764,Medium
#CFC8BE,#C5BCAC,#BBAB93,0.4098,0.3446,0.1618,0.10179683266982555,0.1414472008534796,0.7545192156862744,0.12612745512539716,33.91856679436558,0.997,media/other/18435343468008341.jpg,28.0,0.028,0.027615167032973367,Low
#D4D4DC,#D0BDB0,#C4AD98,0.3452,0.29,0.2342,0.28235598500918435,0.1812215193163976,0.8034909803921568,0.07872999464172498,30.60368466457625,0.6688,media/other/18027976250011106.jpg,51.0,0.051,0.04974209189481407,Medium
#E4EBF1,#CAB199,#D6B12E,0.3264,0.2476,0.182,0.29998391344591346,0.34148737029524473,0.7507921568627451,0.26544520996338,74.07311299583928,0.6052,media/other/18022821020182025.jpg,34.0,0.034,0.03343477608623739,Low
#F9FAFC,#E9E5E3,#E2D7BD,0.495,0.2462,0.1584,0.43893792431338735,0.07548623199395722,0.9314298039215686,0.08491634953380219,29.44525353191476,0.3746,media/other/17940180305722561.jpg,41.0,0.041,0.04018178963283184,Low
#4C3430,#E2E5EA,#26211F,0.2942,0.2374,0.1894,0.40835820380767657,0.27182510643249785,0.4880156862745098,0.291279769463009,75.08186279154343,0.666,media/other/18116181991327646.jpg,92.0,0.092,0.0880108773227133,High
#A99AA1,#30170C,#78461C,0.412,0.247,0.2392,0.41196900592432556,0.4530503318439523,0.5197592156862746,0.2290180267887945,63.553488975138315,0.773,media/other/17974033058701423.jpg,43.0,0.043,0.042101176018635396,Medium
#130A0A,#3E251D,#6D4639,0.3864,0.2834,0.172,0.23095910293245953,0.4365962131171518,0.29372784313725486,0.2477316676493429,57.04140271104681,0.8764,media/other/18000636896562535.jpg,40.0,0.04,0.039220713153281295,Low
#AFB4BE,#8491AC,#C8CFD5,0.4306,0.2542,0.223,0.5831337398348145,0.15232805964625673,0.7391474509803923,0.09070750973337316,32.22581113852838,0.0406,media/other/18152444275308170.jpg,53.0,0.053,0.05164323315183845,Medium
#9196A7,#735442,#3C261F,0.347,0.1862,0.1754,0.28915264472352,0.28094816868282535,0.5771380392156863,0.2019746742590782,54.40563316884783,0.6126,media/other/18038413597847490.jpg,77.0,0.077,0.07417939817425151,High
#2F272C,#5D423C,#ABA7AB,0.3862,0.2068,0.198,0.445677296833282,0.27708050816037283,0.42588000000000004,0.22170336765976317,52.47729195008427,0.5146,media/other/18087852622440491.jpg,78.0,0.078,0.07510747248680541,High
#D6DBE1,#381B20,#5A2D34,0.4196,0.2328,0.2034,0.6979492777227644,0.29922938840678226,0.5765725490196079,0.28614226663513764,80.66037088253563,0.5778,media/other/18007486229191730.jpg,66.0,0.066,0.0639133257436528,Medium
#E0E3E4,#3F1F20,#663232,0.368,0.24,0.234,0.5434146571844594,0.332627994507139,0.5899733333333333,0.27760779532280927,80.95975916916576,0.6568,media/other/17997627800544484.jpg,141.0,0.141,0.13190507087993858,High
#020304,#D0C4B1,#501408,0.6182,0.1348,0.1164,0.356057977515162,0.5835170554593672,0.2507874509803922,0.3233209353111201,71.33084010140657,0.409,media/other/17938435739712810.jpg,53.0,0.053,0.05164323315183845,Medium
#B6AFA9,#9B958F,#884D2A,0.4088,0.2646,0.1468,0.10597153206872595,0.22288882863065487,0.672393725490196,0.10816297895658562,38.41253504730039,0.9756,media/other/17854642941157571.jpg,122.0,0.122,0.11511280710050457,High
#07120F,#E2E2DF,#CCBBA9,0.8504,0.0468,0.0428,0.4147010940877725,0.5560321172413777,0.16721176470588234,0.24075891412945666,58.62155086276107,0.094,media/other/17953093343774867.jpg,66.0,0.066,0.0639133257436528,Medium
#05100D,#2D3027,#615849,0.8152,0.091,0.0414,0.412912848458446,0.6065641572163608,0.124918431372549,0.1556010109960445,35.655007291323244,0.0718,media/other/18080295895416904.jpg,52.0,0.052,0.050693114315518116,Medium
#00131A,#D0CEC8,#9D9383,0.3982,0.228,0.1646,0.30669985825436685,0.45926024120565034,0.41601960784313724,0.29160371309397976,76.82996257312652,0.485,media/other/17903037986883456.jpg,48.0,0.048,0.046883585898850416,Medium
#09140F,#514F42,#D4C7B0,0.4034,0.3548,0.105,0.25441341627531167,0.3990366417145904,0.32936235294117644,0.271317551982335,61.6344962808949,0.387,media/other/18020319374140389.jpg,31.0,0.031,0.03052920503482287,Low
#D6D1C3,#060909,#C5B59E,0.4814,0.3108,0.1106,0.2340949710707428,0.2518057493207814,0.5458549019607842,0.3651326988245028,89.93485403001364,0.668,media/other/18425747479003208.jpg,122.0,0.122,0.11511280710050457,High
#141D18,#D6D3D0,#C7BEB8,0.5492,0.186,0.1622,0.3490243350675836,0.2883149791130155,0.4041388235294117,0.33199220704944404,84.09577340581016,0.38,media/other/18157128277307672.jpg,48.0,0.048,0.046883585898850416,Medium
#05100D,#AFA586,#3A362A,0.6916,0.1148,0.0756,0.3758835401962459,0.5581341001066359,0.22399058823529414,0.2678480454934543,64.07266222774213,0.209,media/other/17850739680144758.jpg,36.0,0.036,0.03536714383729131,Low
#07120C,#6F462B,#39291A,0.5718,0.1682,0.1502,0.27292406822940574,0.5928137259478541,0.2330556862745098,0.23882411498559847,49.227576493133746,0.4136,media/other/17897838125976076.jpg,82.0,0.082,0.07881118042428978,High
#020506,#CDC1A8,#2E281E,0.9066,0.0418,0.02,0.5016599707658664,0.6145568535405513,0.08477803921568627,0.20314219016792323,48.05019189919383,0.0858,media/other/18003715097404316.jpg,44.0,0.044,0.04305948946044697,Medium
#050607,#927D6D,#493B35,0.3658,0.2774,0.177,0.3109136459698315,0.4090465345971217,0.34899137254901963,0.282270051780933,66.2577652000934,0.573,media/other/17882205897040126.jpg,54.0,0.054,0.05259245011917058,Medium
#06120E,#C1BFBC,#D4D3D2,0.5324,0.1934,0.1524,0.35852931276850497,0.37855154889119513,0.39359686274509803,0.34928905140682515,89.59332356044926,0.3262,media/other/17910520676926692.jpg,45.0,0.045,0.04401688541677433,Medium
#030404,#936C44,#CFC0AA,0.641,0.1246,0.095,0.37828068253432867,0.5389437879437649,0.237398431372549,0.3023655820057887,66.77441122723918,0.3996,media/other/18026302220001702.jpg,54.0,0.054,0.05259245011917058,Medium
#07120E,#CFC9C4,#533D31,0.4894,0.2336,0.1106,0.3082527790938715,0.42537792144197445,0.3724549019607843,0.32662954439167274,81.13909274453897,0.4438,media/other/18101421166386156.jpg,124.0,0.124,0.11689375147149933,High
#C08D71,#D4AC97,#F5F6FA,0.3962,0.1778,0.1712,0.17473145242749769,0.3147944230942028,0.712598431372549,0.237610661848793,62.19510937935062,0.7712,media/other/18053741413581896.jpg,44.0,0.044,0.04305948946044697,Medium
#27261C,#A17A5E,#8A664D,0.357,0.2768,0.2546,0.11059344107138654,0.37989242347093866,0.42535294117647054,0.21143535663318486,41.84548568981824,0.7658,media/other/18023821175041365.jpg,293.0,0.293,0.25696509978972043,High
#C49978,#BB8D6B,#CDA485,0.4554,0.2498,0.2434,0.0711003971820985,0.39542393980483215,0.7640486274509803,0.045292998923456146,13.69807903128586,1.0,media/other/17983964519649672.jpg,99.0,0.099,0.09440067542148432,High
#191D17,#312B23,#564035,0.4422,0.315,0.1528,0.17733520079978535,0.2929811653337033,0.2198745098039216,0.15143870219622133,31.982953697945693,0.4894,media/other/18000107516596228.jpg,153.0,0.153,0.14236724128692196,High
#161D19,#C29076,#A37359,0.3058,0.2732,0.2622,0.15763217008850133,0.3928874539213186,0.5216839215686274,0.2844922262009653,57.00660404597576,0.7146,media/other/17975662298532706.jpg,43.0,0.043,0.042101176018635396,Medium
#191D17,#26241E,#D2D8EC,0.4702,0.4466,0.0564,0.26789523076241756,0.23120323868572332,0.19461647058823528,0.20166334160508187,48.217685864202245,0.2706,media/other/17898488831970455.jpg,57.0,0.057,0.055434706888100586,Medium
#101711,#24221A,#493E33,0.7016,0.2092,0.056,0.28559551696633806,0.33852030600882627,0.13342509803921568,0.11004218214944071,26.220638192108584,0.1856,media/other/17958223820743486.jpg,66.0,0.066,0.0639133257436528,Medium
#A37760,#BC927E,#825A44,0.3314,0.287,0.251,0.07305989254556769,0.40735228299068976,0.6040737254901961,0.15061897636389426,36.14067399970889,0.9808,media/other/17864408286098662.jpg,87.0,0.087,0.08342160813907239,High
#1E2016,#0B1611,#322E24,0.4494,0.3252,0.1284,0.3005427188454427,0.3603000888407137,0.19525019607843136,0.22561601245455493,56.9091839092772,0.194,media/other/18030288304933484.jpg,46.0,0.046,0.044973365642731154,Medium
#8E5D44,#B47860,#5F3E2D,0.3296,0.2026,0.1786,0.07443873148145234,0.4698613532305486,0.5314580392156862,0.2221424298224284,44.47216491772692,0.917,media/other/17993656409352355.jpg,53.0,0.053,0.05164323315183845,Medium
#31271D,#4F3A30,#6B534A,0.3166,0.2702,0.2106,0.08889010059256787,0.35925523995408326,0.3587678431372549,0.1603048325667452,35.43566116161096,0.9682,media/other/18019331471124643.jpg,87.0,0.087,0.08342160813907239,High
#C7927C,#AC785F,#D8AC99,0.2618,0.249,0.241,0.051862808535032015,0.412799590064159,0.699043137254902,0.14720568165154482,37.088860043509236,0.9996,media/other/17858006157115512.jpg,113.0,0.113,0.10705907229340779,High
#29251C,#151A13,#3F3227,0.4016,0.3588,0.1878,0.18295038530755875,0.3268579386237384,0.1712949019607843,0.08249212588895594,17.83837833256495,0.5604,media/other/18036696931684670.jpg,78.0,0.078,0.07510747248680541,High
#7F5D48,#664936,#98725A,0.3762,0.2226,0.2146,0.06835906977208231,0.43505049999696366,0.4552250980392157,0.129174756839472,27.144452501856005,0.999,media/other/18337977934128255.jpg,122.0,0.122,0.11511280710050457,High
#2A241B,#1A1C14,#3A3028,0.3568,0.298,0.1844,0.23106245909059517,0.2999821257384532,0.28094745098039214,0.27237629029177696,66.152569148432,0.5888,media/other/17973756833678898.jpg,77.0,0.077,0.07417939817425151,High
#27251E,#101710,#D3D1D6,0.4306,0.22,0.1816,0.2824513589318585,0.23870993039422655,0.29299450980392155,0.2722445350971677,69.8345257648914,0.3898,media/other/17933470850818289.jpg,187.0,0.187,0.17142911562753096,High
#6F4A39,#9C6C53,#3E2B1E,0.292,0.2224,0.2188,0.11475452130322969,0.4251734877728911,0.5421011764705882,0.22359398442483355,56.14442345996059,0.9094,media/other/17935595426812948.jpg,72.0,0.072,0.06952606264861023,Medium
#B7835B,#A46D46,#2F2519,0.2838,0.2776,0.1796,0.0746987638499416,0.5175171655551758,0.5761505882352942,0.20175056035476135,39.2123940476961,0.9996,media/other/18425719153045778.jpg,124.0,0.124,0.11689375147149933,High
#D9B099,#F5F7FC,#C6947B,0.3126,0.2656,0.2296,0.23594280030110948,0.24882835517243415,0.7730180392156862,0.24340671013999687,65.09722613109861,0.6568,media/other/17904902930946304.jpg,144.0,0.144,0.13453089295760615,High
#3D3228,#1F2018,#A07D6A,0.4058,0.3034,0.145,0.11808702085650775,0.3398894740788567,0.29837019607843135,0.18370245222039844,38.82323041861415,0.798,media/other/18079893457443261.jpg,305.0,0.305,0.26620304077465673,High
#3A332B,#947664,#1F2017,0.3386,0.2718,0.2406,0.10701596958289049,0.3050485598395301,0.34534039215686274,0.1983173345396997,42.37174708873002,0.8472,media/other/18046705567622074.jpg,135.0,0.135,0.126632650933366,High
#1E1F17,#2C2921,#464139,0.6368,0.2688,0.0722,0.16122702735359154,0.2541321034693514,0.16223058823529413,0.09330050391151301,22.943667338820834,0.4094,media/other/18070344352483188.jpg,126.0,0.126,0.11867152971749864,High
#1D221D,#403830,#79654A,0.705,0.1696,0.0646,0.30689890487712834,0.22382767813596866,0.2193356862745098,0.17708786957549677,40.94582723094353,0.2652,media/other/17948526479776599.jpg,444.0,0.444,0.27544753478343825,High
