uri,creation_timestamp,title,top_creation_timestamp,top_title,dubbing_info,media_variants,product_tags,media_metadata.camera_metadata.has_camera_metadata,cross_post_source.source_app,creation_date,creation_month,top_creation_date,likes,comments,reach,impressions,saves,shares,profile_visits,follows,followers_count,engagement,engagement_rate
media/other/18005202119701873.jpg,2024-12-30 21:00:47+07:00,Cousin Itt.,,,,,,False,FB,2024-12-30,2024-12,,42.0,0.0,926.0,1047.0,5.0,2.0,4.0,0.0,1000,42.0,0.042
media/other/18067352005700577.jpg,2024-12-28 21:01:00+07:00,10/100 does not equal 1/10.,,,,,,False,FB,2024-12-28,2024-12,,37.0,0.0,1016.0,1108.0,2.0,1.0,7.0,1.0,1000,37.0,0.037
media/other/18045234064965601.jpg,2024-12-26 20:00:44+07:00,An old sport.,,,,,,False,FB,2024-12-26,2024-12,,26.0,0.0,639.0,698.0,2.0,0.0,5.0,0.0,1000,26.0,0.026
media/posts/202412/18021149483636820.jpg,2024-12-25 10:00:39+07:00,,2024-12-25 10:00:39+07:00,Oh itâs Christmas.,,,,False,FB,2024-12-25,2024-12,2024-12-25,0.0,0.0,0.0,0.0,0.0,0.0,,,1000,0.0,0.0
media/posts/202412/18108260365453441.jpg,2024-12-25 10:00:39+07:00,,2024-12-25 10:00:39+07:00,Oh itâs Christmas.,,,,False,FB,2024-12-25,2024-12,2024-12-25,0.0,0.0,0.0,0.0,0.0,0.0,,,1000,0.0,0.0
media/other/17850460545325482.jpg,2024-12-24 22:00:52+07:00,Controlling the view.,,,,,,False,FB,2024-12-24,2024-12,,57.0,0.0,1154.0,1266.0,2.0,0.0,16.0,0.0,1000,57.0,0.057
media/other/18365546479137722.jpg,2024-12-23 22:00:56+07:00,What a do.,,,,,,False,FB,2024-12-23,2024-12,,47.0,1.0,737.0,805.0,2.0,1.0,7.0,0.0,1000,48.0,0.048
media/other/17873021922248056.jpg,2024-12-21 22:01:37+07:00,Baliday Spirit.,,,,,,False,FB,2024-12-21,2024-12,,43.0,0.0,823.0,900.0,2.0,1.0,10.0,0.0,1000,43.0,0.043
media/other/18099787519433485.jpg,2024-12-19 22:01:02+07:00,Christmas red getting ready.,,,,,,False,FB,2024-12-19,2024-12,,24.0,0.0,599.0,656.0,0.0,0.0,4.0,0.0,1000,24.0,0.024
media/other/18017275094400400.jpg,2024-12-18 22:00:53+07:00,Offerings for the Gods.,,,,,,False,FB,2024-12-18,2024-12,,23.0,0.0,548.0,603.0,0.0,0.0,8.0,0.0,1000,23.0,0.023
media/posts/202412/18093902062498085.jpg,2024-12-16 16:00:00+07:00,,2024-12-16 16:00:00+07:00,Sunday night fit.,,,,False,FB,2024-12-16,2024-12,2024-12-16,0.0,0.0,0.0,0.0,0.0,0.0,,,1000,0.0,0.0
media/posts/202412/18049019069026149.jpg,2024-12-16 16:00:00+07:00,,2024-12-16 16:00:00+07:00,Sunday night fit.,,,,False,FB,2024-12-16,2024-12,2024-12-16,0.0,0.0,0.0,0.0,0.0,0.0,,,1000,0.0,0.0
media/other/18341377786181689.jpg,2024-12-12 22:00:50+07:00,Wrap her twice.,,,,,,False,FB,2024-12-12,2024-12,,47.0,1.0,963.0,1065.0,3.0,1.0,17.0,2.0,1000,48.0,0.048
media/posts/202412/17883044844214183.jpg,2024-12-12 19:08:38+07:00,,2024-12-12 19:08:39+07:00,Gold on grey - the Rihanna way.,,,,False,FB,2024-12-12,2024-12,2024-12-12,0.0,0.0,0.0,0.0,0.0,0.0,,,1000,0.0,0.0
media/posts/202412/18025030319549719.jpg,2024-12-12 19:08:38+07:00,,2024-12-12 19:08:39+07:00,Gold on grey - the Rihanna way.,,,,False,FB,2024-12-12,2024-12,2024-12-12,0.0,0.0,0.0,0.0,0.0,0.0,,,1000,0.0,0.0
media/posts/202412/18064780411751568.jpg,2024-12-12 19:08:38+07:00,,2024-12-12 19:08:39+07:00,Gold on grey - the Rihanna way.,,,,False,FB,2024-12-12,2024-12,2024-12-12,0.0,0.0,0.0,0.0,0.0,0.0,,,1000,0.0,0.0
media/other/17871385497248217.jpg,2024-12-11 22:00:47+07:00,Feeling festive.,,,,,,False,FB,2024-12-11,2024-12,,31.0,1.0,702.0,799.0,0.0,0.0,2.0,0.0,1000,32.0,0.032
media/other/18312324601165370.jpg,2024-12-10 22:00:47+07:00,Silky folds.,,,,,,False,FB,2024-12-10,2024-12,,70.0,1.0,995.0,1100.0,2.0,0.0,20.0,0.0,1000,71.0,0.071
media/posts/202412/17868995343182108.jpg,2024-12-10 15:59:38+07:00,,2024-12-10 15:59:40+07:00,Squad goals @badgalriri & @asaprocky spotted wearing CARINA HARDY.,,,,False,FB,2024-12-10,2024-12,2024-12-10,0.0,0.0,0.0,0.0,0.0,0.0,,,1000,0.0,0.0
media/posts/202412/17868140928257857.jpg,2024-12-10 15:59:39+07:00,,2024-12-10 15:59:40+07:00,Squad goals @badgalriri & @asaprocky spotted wearing CARINA HARDY.,,,,False,FB,2024-12-10,2024-12,2024-12-10,0.0,0.0,0.0,0.0,0.0,0.0,,,1000,0.0,0.0
media/posts/202412/18057659539912219.jpg,2024-12-10 15:59:38+07:00,,2024-12-10 15:59:40+07:00,Squad goals @badgalriri & @asaprocky spotted wearing CARINA HARDY.,,,,False,FB,2024-12-10,2024-12,2024-12-10,0.0,0.0,0.0,0.0,0.0,0.0,,,1000,0.0,0.0
media/posts/202412/18066872671687820.jpg,2024-12-10 15:59:38+07:00,,2024-12-10 15:59:40+07:00,Squad goals @badgalriri & @asaprocky spotted wearing CARINA HARDY.,,,,False,FB,2024-12-10,2024-12,2024-12-10,0.0,0.0,0.0,0.0,0.0,0.0,,,1000,0.0,0.0
media/other/18251880559277711.jpg,2024-12-09 22:00:56+07:00,Deity in miniature.,,,,,,False,FB,2024-12-09,2024-12,,69.0,2.0,1126.0,1265.0,10.0,4.0,17.0,0.0,1000,71.0,0.071
media/other/18286463515244411.jpg,2024-12-08 22:30:34+07:00,Bending over backwards.,,,,,,False,FB,2024-12-08,2024-12,,20.0,3.0,816.0,897.0,1.0,1.0,2.0,0.0,1000,23.0,0.023
media/other/18029355590200854.jpg,2024-12-07 22:15:00+07:00,Back handed caress.,,,,,,False,FB,2024-12-07,2024-12,,51.0,0.0,756.0,830.0,10.0,1.0,10.0,0.0,1000,51.0,0.051
media/other/18079126801582368.jpg,2024-12-06 22:00:54+07:00,Ideas fall out of holes in the sky.,,,,,,False,FB,2024-12-06,2024-12,,31.0,2.0,710.0,772.0,3.0,0.0,3.0,0.0,1000,33.0,0.033
media/other/17950685771861085.jpg,2024-12-05 22:00:57+07:00,Hidden gem.,,,,,,False,FB,2024-12-05,2024-12,,28.0,0.0,778.0,869.0,0.0,0.0,7.0,0.0,1000,28.0,0.028
media/posts/202412/18112895332377223.jpg,2024-12-02 22:01:31+07:00,,2024-12-02 22:01:31+07:00,Ignorance was bliss.,,,,False,FB,2024-12-02,2024-12,2024-12-02,0.0,0.0,0.0,0.0,0.0,0.0,,,1000,0.0,0.0
media/posts/202412/18044430721938977.jpg,2024-12-02 22:01:31+07:00,,2024-12-02 22:01:31+07:00,Ignorance was bliss.,,,,False,FB,2024-12-02,2024-12,2024-12-02,0.0,0.0,0.0,0.0,0.0,0.0,,,1000,0.0,0.0
media/other/18333891850197642.jpg,2024-12-02 22:00:50+07:00,Silver stack on navy blue.,,,,,,False,FB,2024-12-02,2024-12,,27.0,0.0,910.0,1064.0,3.0,2.0,9.0,0.0,1000,27.0,0.027
media/other/18001081853702049.jpg,2024-12-01 23:27:49+07:00,"Stretching, reaching down for touch.",,,,,,False,FB,2024-12-01,2024-12,,34.0,0.0,744.0,822.0,0.0,2.0,6.0,0.0,1000,34.0,0.034
media/posts/202411/18146529148351226.jpg,2024-11-30 22:02:32+07:00,,2024-11-30 22:02:32+07:00,Twins face off.,,,,False,FB,2024-11-30,2024-11,2024-11-30,0.0,0.0,0.0,0.0,0.0,0.0,,,1000,0.0,0.0
media/posts/202411/18143137669361620.jpg,2024-11-30 22:02:32+07:00,,2024-11-30 22:02:32+07:00,Twins face off.,,,,False,FB,2024-11-30,2024-11,2024-11-30,0.0,0.0,0.0,0.0,0.0,0.0,,,1000,0.0,0.0
media/other/18469879474004412.jpg,2024-11-30 22:01:30+07:00,Candid Beauty.,,,,,,False,FB,2024-11-30,2024-11,,31.0,0.0,977.0,1065.0,2.0,1.0,11.0,0.0,1000,31.0,0.031
media/posts/202411/18363080935187987.jpg,2024-11-30 22:00:53+07:00,,2024-11-30 22:00:53+07:00,Dangerous curves ahead.,,,,False,FB,2024-11-30,2024-11,2024-11-30,0.0,0.0,0.0,0.0,0.0,0.0,,,1000,0.0,0.0
media/posts/202411/17974339775655511.jpg,2024-11-30 22:00:53+07:00,,2024-11-30 22:00:53+07:00,Dangerous curves ahead.,,,,False,FB,2024-11-30,2024-11,2024-11-30,0.0,0.0,0.0,0.0,0.0,0.0,,,1000,0.0,0.0
media/other/18043384040174169.jpg,2024-11-29 22:02:31+07:00,Holiday Rapture.,,,,,,False,FB,2024-11-29,2024-11,,29.0,1.0,785.0,874.0,4.0,2.0,13.0,0.0,1000,30.0,0.03
media/other/18058889671885159.jpg,2024-11-29 22:01:31+07:00,Twenty-eight hour days.,,,,,,False,FB,2024-11-29,2024-11,,52.0,0.0,906.0,1016.0,1.0,2.0,7.0,0.0,1000,52.0,0.052
media/posts/202411/18029418773528692.jpg,2024-11-29 22:00:58+07:00,,2024-11-29 22:00:58+07:00,Levels.,,,,False,FB,2024-11-29,2024-11,2024-11-29,0.0,0.0,0.0,0.0,0.0,0.0,,,1000,0.0,0.0
media/posts/202411/18010136507659730.jpg,2024-11-29 22:00:58+07:00,,2024-11-29 22:00:58+07:00,Levels.,,,,False,FB,2024-11-29,2024-11,2024-11-29,0.0,0.0,0.0,0.0,0.0,0.0,,,1000,0.0,0.0
media/posts/202411/17863988682272971.jpg,2024-11-29 22:00:58+07:00,,2024-11-29 22:00:58+07:00,Levels.,,,,False,FB,2024-11-29,2024-11,2024-11-29,0.0,0.0,0.0,0.0,0.0,0.0,,,1000,0.0,0.0
media/other/18250104154279552.jpg,2024-11-26 21:00:51+07:00,Layering ladies.,,,,,,False,FB,2024-11-26,2024-11,,33.0,0.0,657.0,738.0,1.0,1.0,9.0,0.0,1000,33.0,0.033
media/other/17888564025135715.jpg,2024-11-25 21:00:57+07:00,Pinky promise.,,,,,,False,FB,2024-11-25,2024-11,,43.0,1.0,723.0,799.0,4.0,2.0,12.0,0.0,1000,44.0,0.044
media/other/18038243330249716.jpg,2024-11-24 21:00:53+07:00,Stock up your stack.,,,,,,False,FB,2024-11-24,2024-11,,37.0,0.0,682.0,750.0,2.0,0.0,2.0,0.0,1000,37.0,0.037
media/other/18473653444051754.jpg,2024-11-23 21:00:51+07:00,Icons in CH.,,,,,,False,FB,2024-11-23,2024-11,,53.0,0.0,895.0,969.0,0.0,1.0,9.0,0.0,1000,53.0,0.053
media/other/18069261775628727.jpg,2024-11-22 21:00:57+07:00,Caterpillar shadow.,,,,,,False,FB,2024-11-22,2024-11,,88.0,1.0,975.0,1074.0,6.0,1.0,29.0,0.0,1000,89.0,0.089
media/other/18079880008560210.jpg,2024-11-21 21:00:51+07:00,W Harlow in Elppin Brooch & Shield Earrings.,,,,,,False,FB,2024-11-21,2024-11,,60.0,3.0,974.0,1097.0,1.0,2.0,10.0,0.0,1000,63.0,0.063
media/other/17859710583283432.jpg,2024-11-20 22:00:42+07:00,Golden handcuffs.,,,,,,False,FB,2024-11-20,2024-11,,45.0,3.0,738.0,843.0,8.0,1.0,12.0,1.0,1000,48.0,0.048
media/other/18013357607430719.jpg,2024-11-19 22:00:55+07:00,Arrangements.,,,,,,False,FB,2024-11-19,2024-11,,37.0,0.0,696.0,809.0,7.0,0.0,4.0,0.0,1000,37.0,0.037
media/other/17844205446360682.jpg,2024-11-18 22:00:39+07:00,Surgeons - the gold standard.,,,,,,False,FB,2024-11-18,2024-11,,23.0,0.0,640.0,705.0,0.0,0.0,5.0,0.0,1000,23.0,0.023
media/posts/202411/17845923972352783.mp4,2024-11-16 22:01:44+07:00,,2024-11-16 22:01:44+07:00,Ministry of Education - Gold leaf chapter.,[],[],,False,FB,2024-11-16,2024-11,2024-11-16,0.0,0.0,0.0,0.0,0.0,0.0,,,1000,0.0,0.0
media/posts/202411/18007866575668390.jpg,2024-11-16 22:01:44+07:00,,2024-11-16 22:01:44+07:00,Ministry of Education - Gold leaf chapter.,,,,False,FB,2024-11-16,2024-11,2024-11-16,0.0,0.0,0.0,0.0,0.0,0.0,,,1000,0.0,0.0
media/posts/202411/18098667175426731.jpg,2024-11-16 22:01:44+07:00,,2024-11-16 22:01:44+07:00,Ministry of Education - Gold leaf chapter.,,,,False,FB,2024-11-16,2024-11,2024-11-16,0.0,0.0,0.0,0.0,0.0,0.0,,,1000,0.0,0.0
media/posts/202411/17860925046279370.jpg,2024-11-16 22:01:44+07:00,,2024-11-16 22:01:44+07:00,Ministry of Education - Gold leaf chapter.,,,,False,FB,2024-11-16,2024-11,2024-11-16,0.0,0.0,0.0,0.0,0.0,0.0,,,1000,0.0,0.0
media/posts/202411/18337022218194573.jpg,2024-11-16 22:01:44+07:00,,2024-11-16 22:01:44+07:00,Ministry of Education - Gold leaf chapter.,,,,False,FB,2024-11-16,2024-11,2024-11-16,0.0,0.0,0.0,0.0,0.0,0.0,,,1000,0.0,0.0
media/posts/202411/17912844540017038.jpg,2024-11-16 22:01:44+07:00,,2024-11-16 22:01:44+07:00,Ministry of Education - Gold leaf chapter.,,,,False,FB,2024-11-16,2024-11,2024-11-16,0.0,0.0,0.0,0.0,0.0,0.0,,,1000,0.0,0.0
media/other/17957279600842240.jpg,2024-11-15 22:00:46+07:00,"Like a band of Saturn, like a ring of Jupiter.",,,,,,False,FB,2024-11-15,2024-11,,45.0,1.0,695.0,779.0,3.0,0.0,15.0,0.0,1000,46.0,0.046
media/other/18011725850450382.jpg,2024-11-14 22:00:51+07:00,H Berner in Triple Drops.,,,,,,False,FB,2024-11-14,2024-11,,22.0,1.0,850.0,938.0,2.0,0.0,8.0,0.0,1000,23.0,0.023
media/other/18027292796435260.jpg,2024-11-11 22:00:59+07:00,Our woman in gold.,,,,,,False,FB,2024-11-11,2024-11,,59.0,0.0,1168.0,1286.0,2.0,2.0,17.0,0.0,1000,59.0,0.059
media/other/18112532017425835.jpg,2024-11-10 22:00:50+07:00,Pull the chain through.,,,,,,False,FB,2024-11-10,2024-11,,40.0,2.0,1141.0,1261.0,5.0,3.0,6.0,0.0,1000,42.0,0.042
media/other/18016486802342025.jpg,2024-11-09 22:00:54+07:00,Self love.,,,,,,False,FB,2024-11-09,2024-11,,51.0,2.0,1048.0,1157.0,2.0,2.0,6.0,1.0,1000,53.0,0.053
media/posts/202411/18069990136626738.jpg,2024-11-08 22:00:54+07:00,,2024-11-08 22:00:54+07:00,Stage III & Stage IV: Our mother and wise matriarch.,,,,False,FB,2024-11-08,2024-11,2024-11-08,0.0,0.0,0.0,0.0,0.0,0.0,,,1000,0.0,0.0
media/posts/202411/17887141494137128.jpg,2024-11-08 22:00:54+07:00,,2024-11-08 22:00:54+07:00,Stage III & Stage IV: Our mother and wise matriarch.,,,,False,FB,2024-11-08,2024-11,2024-11-08,0.0,0.0,0.0,0.0,0.0,0.0,,,1000,0.0,0.0
media/posts/202411/18020396900535754.jpg,2024-11-08 22:00:54+07:00,,2024-11-08 22:00:54+07:00,Stage III & Stage IV: Our mother and wise matriarch.,,,,False,FB,2024-11-08,2024-11,2024-11-08,0.0,0.0,0.0,0.0,0.0,0.0,,,1000,0.0,0.0
media/posts/202411/18042804038129728.jpg,2024-11-08 22:00:54+07:00,,2024-11-08 22:00:54+07:00,Stage III & Stage IV: Our mother and wise matriarch.,,,,False,FB,2024-11-08,2024-11,2024-11-08,0.0,0.0,0.0,0.0,0.0,0.0,,,1000,0.0,0.0
media/other/18046054943009091.jpg,2024-11-07 22:00:51+07:00,"Gold leaf ties Klimts work together. So too, for our Stages Collection.",,,,,,False,FB,2024-11-07,2024-11,,37.0,0.0,773.0,832.0,1.0,0.0,12.0,0.0,1000,37.0,0.037
media/posts/202411/18109206943436339.jpg,2024-11-06 22:00:59+07:00,,2024-11-06 22:00:59+07:00,Stage I and Stage II: Our femme fatale and lover.,,,,False,FB,2024-11-06,2024-11,2024-11-06,0.0,0.0,0.0,0.0,0.0,0.0,,,1000,0.0,0.0
media/posts/202411/18047345629841407.jpg,2024-11-06 22:00:59+07:00,,2024-11-06 22:00:59+07:00,Stage I and Stage II: Our femme fatale and lover.,,,,False,FB,2024-11-06,2024-11,2024-11-06,0.0,0.0,0.0,0.0,0.0,0.0,,,1000,0.0,0.0
media/posts/202411/17909086092026702.jpg,2024-11-06 22:00:59+07:00,,2024-11-06 22:00:59+07:00,Stage I and Stage II: Our femme fatale and lover.,,,,False,FB,2024-11-06,2024-11,2024-11-06,0.0,0.0,0.0,0.0,0.0,0.0,,,1000,0.0,0.0
media/posts/202411/18040731662276352.jpg,2024-11-06 22:00:59+07:00,,2024-11-06 22:00:59+07:00,Stage I and Stage II: Our femme fatale and lover.,,,,False,FB,2024-11-06,2024-11,2024-11-06,0.0,0.0,0.0,0.0,0.0,0.0,,,1000,0.0,0.0
media/other/18008211056648367.jpg,2024-11-03 21:01:29+07:00,Bodies emerging from gold leaf.,,,,,,False,FB,2024-11-03,2024-11,,67.0,2.0,1051.0,1175.0,4.0,2.0,11.0,0.0,1000,69.0,0.069
media/other/17947111085860729.jpg,2024-11-03 21:00:43+07:00,The Kiss.,,,,,,False,FB,2024-11-03,2024-11,,89.0,4.0,1218.0,1354.0,4.0,0.0,24.0,0.0,1000,93.0,0.093
media/other/18049729309964369.jpg,2024-11-03 15:00:53+07:00,Pre-party prepping.,,,,,,False,FB,2024-11-03,2024-11,,46.0,1.0,1053.0,1200.0,0.0,1.0,20.0,0.0,1000,47.0,0.047
media/other/17902411119064658.jpg,2024-11-01 22:00:59+07:00,They censor what they donât understand.,,,,,,False,FB,2024-11-01,2024-11,,40.0,0.0,1127.0,1427.0,4.0,1.0,24.0,1.0,1000,40.0,0.04
media/other/17886741816130425.jpg,2024-10-31 22:00:44+07:00,Black caviar,,,,,,False,FB,2024-10-31,2024-10,,50.0,0.0,841.0,917.0,2.0,0.0,7.0,0.0,1000,50.0,0.05
media/other/18464603071033658.jpg,2024-10-30 22:00:50+07:00,Aging metals,,,,,,False,FB,2024-10-30,2024-10,,29.0,2.0,709.0,771.0,2.0,0.0,7.0,0.0,1000,31.0,0.031
media/other/18124121617380734.jpg,2024-10-29 22:00:47+07:00,For those who look up,,,,,,False,FB,2024-10-29,2024-10,,35.0,1.0,896.0,961.0,1.0,0.0,8.0,0.0,1000,36.0,0.036
media/other/18140549269357512.jpg,2024-10-27 21:00:40+07:00,Bridging the gap,,,,,,False,FB,2024-10-27,2024-10,,49.0,0.0,1182.0,1262.0,4.0,1.0,5.0,1.0,1000,49.0,0.049
media/other/18041656108910199.jpg,2024-10-26 21:00:49+07:00,Pinky ring till I get a wedding ring.,,,,,,False,FB,2024-10-26,2024-10,,66.0,2.0,1414.0,1563.0,7.0,3.0,25.0,1.0,1000,68.0,0.068
media/other/17928717605848607.jpg,2024-10-25 21:00:52+07:00,Everything we do is in the name of love.,,,,,,False,FB,2024-10-25,2024-10,,254.0,18.0,2570.0,2848.0,6.0,2.0,111.0,0.0,1000,272.0,0.272
media/other/18123882571382387.jpg,2024-10-24 21:00:42+07:00,"Hard corners, soft curves.",,,,,,False,FB,2024-10-24,2024-10,,41.0,0.0,1115.0,1240.0,4.0,0.0,7.0,0.0,1000,41.0,0.041
media/other/18082823350472328.jpg,2024-10-21 21:00:42+07:00,Close call.,,,,,,False,FB,2024-10-21,2024-10,,29.0,1.0,1380.0,1457.0,0.0,0.0,26.0,0.0,1000,30.0,0.03
media/other/17917929887905981.jpg,2024-10-20 21:00:54+07:00,Triple stacked.,,,,,,False,FB,2024-10-20,2024-10,,35.0,0.0,1001.0,1070.0,3.0,0.0,7.0,0.0,1000,35.0,0.035
media/other/18028253036138671.jpg,2024-10-19 21:00:42+07:00,Precious metal knuckles.,,,,,,False,FB,2024-10-19,2024-10,,42.0,0.0,1093.0,1137.0,2.0,3.0,11.0,0.0,1000,42.0,0.042
media/other/18089766283493973.jpg,2024-10-18 21:00:44+07:00,Matte details.,,,,,,False,FB,2024-10-18,2024-10,,26.0,2.0,867.0,914.0,6.0,1.0,8.0,0.0,1000,28.0,0.028
media/other/18049767487772229.jpg,2024-10-17 21:00:49+07:00,High gloss.,,,,,,False,FB,2024-10-17,2024-10,,32.0,0.0,719.0,749.0,0.0,0.0,4.0,0.0,1000,32.0,0.032
media/other/18055603594883364.jpg,2024-10-16 21:00:56+07:00,Through the side door.,,,,,,False,FB,2024-10-16,2024-10,,30.0,2.0,781.0,856.0,0.0,0.0,2.0,0.0,1000,32.0,0.032
media/other/18357843769187639.jpg,2024-10-15 21:00:49+07:00,Namesake.,,,,,,False,FB,2024-10-15,2024-10,,167.0,9.0,1410.0,1548.0,1.0,0.0,32.0,0.0,1000,176.0,0.176
media/other/17898284112068441.jpg,2024-10-14 21:00:54+07:00,Designing curiosity.,,,,,,False,FB,2024-10-14,2024-10,,56.0,1.0,1016.0,1160.0,2.0,0.0,3.0,0.0,1000,57.0,0.057
media/other/18439507759069649.jpg,2024-10-13 21:00:41+07:00,Dumbstruck.,,,,,,False,FB,2024-10-13,2024-10,,76.0,2.0,1185.0,1327.0,7.0,1.0,19.0,1.0,1000,78.0,0.078
media/other/18053625265723166.jpg,2024-10-12 21:00:46+07:00,Castello di Vicarello.,,,,,,False,FB,2024-10-12,2024-10,,39.0,0.0,904.0,1004.0,0.0,0.0,4.0,0.0,1000,39.0,0.039
media/other/18046652818977170.jpg,2024-10-11 21:00:57+07:00,Royal Color.,,,,,,False,FB,2024-10-11,2024-10,,81.0,1.0,1053.0,1170.0,2.0,2.0,22.0,5.0,1000,82.0,0.082
media/other/17879912841151336.jpg,2024-10-10 21:00:46+07:00,Echoing underside.,,,,,,False,FB,2024-10-10,2024-10,,47.0,0.0,883.0,967.0,3.0,1.0,9.0,2.0,1000,47.0,0.047
media/other/18092660728468253.jpg,2024-10-09 21:00:55+07:00,Just a squirt of honey.,,,,,,False,FB,2024-10-09,2024-10,,62.0,0.0,940.0,1063.0,5.0,1.0,12.0,0.0,1000,62.0,0.062
media/other/17872236108122426.jpg,2024-10-08 21:00:56+07:00,Sticking to sculptural contours.,,,,,,False,FB,2024-10-08,2024-10,,54.0,1.0,841.0,951.0,5.0,2.0,8.0,0.0,1000,55.0,0.055
media/other/18044375267064291.jpg,2024-10-07 21:00:51+07:00,Golden pixels.,,,,,,False,FB,2024-10-07,2024-10,,39.0,0.0,734.0,793.0,1.0,0.0,4.0,0.0,1000,39.0,0.039
media/other/18042295397293158.jpg,2024-10-06 21:00:56+07:00,Teasing perception.,,,,,,False,FB,2024-10-06,2024-10,,93.0,2.0,990.0,1064.0,6.0,1.0,11.0,0.0,1000,95.0,0.095
media/other/18255018175269913.jpg,2024-10-05 21:00:56+07:00,Visions of God.,,,,,,False,FB,2024-10-05,2024-10,,31.0,0.0,723.0,790.0,0.0,0.0,6.0,2.0,1000,31.0,0.031
media/other/18464493598028309.jpg,2024-10-04 21:00:57+07:00,Leaf as ship hull.,,,,,,False,FB,2024-10-04,2024-10,,71.0,3.0,1041.0,1132.0,3.0,1.0,24.0,0.0,1000,74.0,0.074
media/other/17880943938075611.jpg,2024-10-02 21:00:47+07:00,Bent over backwards.,,,,,,False,FB,2024-10-02,2024-10,,64.0,2.0,886.0,980.0,2.0,4.0,21.0,0.0,1000,66.0,0.066
media/other/17842060824328565.jpg,2024-10-01 21:00:36+07:00,Complete.,,,,,,False,FB,2024-10-01,2024-10,,38.0,0.0,643.0,702.0,3.0,0.0,4.0,0.0,1000,38.0,0.038
media/other/18325896031158026.jpg,2024-09-30 21:00:56+07:00,Forever jewelry.,,,,,,False,FB,2024-09-30,2024-09,,36.0,0.0,773.0,826.0,1.0,1.0,6.0,1.0,1000,36.0,0.036
media/other/18461594848038915.jpg,2024-09-29 21:00:58+07:00,Deconstruction.,,,,,,False,FB,2024-09-29,2024-09,,46.0,1.0,931.0,988.0,3.0,0.0,5.0,0.0,1000,47.0,0.047
media/other/17856666741266562.jpg,2024-09-28 21:00:39+07:00,"Carina, Carina â¦ â¦. â¦. â¦.",,,,,,False,FB,2024-09-28,2024-09,,157.0,7.0,1588.0,1764.0,6.0,2.0,44.0,0.0,1000,164.0,0.164
media/other/18022755476417665.jpg,2024-09-27 21:00:46+07:00,Clairvoyant consumer.,,,,,,False,FB,2024-09-27,2024-09,,98.0,0.0,1505.0,1644.0,10.0,5.0,39.0,2.0,1000,98.0,0.098
media/other/17893252362080781.jpg,2024-09-26 21:00:47+07:00,Journal entries.,,,,,,False,FB,2024-09-26,2024-09,,64.0,2.0,1262.0,1354.0,7.0,1.0,5.0,0.0,1000,66.0,0.066
media/other/17882566206103724.jpg,2024-09-25 21:00:46+07:00,Jugular notch.,,,,,,False,FB,2024-09-25,2024-09,,61.0,0.0,953.0,1055.0,4.0,0.0,7.0,0.0,1000,61.0,0.061
media/other/17889103545095709.jpg,2024-09-24 13:54:59+07:00,Devotional rapture.,,,,,,False,FB,2024-09-24,2024-09,,302.0,5.0,2921.0,3156.0,29.0,8.0,122.0,0.0,1000,307.0,0.307
media/other/17939946362781407.jpg,2024-09-21 21:01:04+07:00,Suns spotlight.,,,,,,False,FB,2024-09-21,2024-09,,42.0,0.0,875.0,963.0,5.0,1.0,5.0,1.0,1000,42.0,0.042
media/other/17858751108250899.jpg,2024-09-20 21:00:53+07:00,Negative egg.,,,,,,False,FB,2024-09-20,2024-09,,40.0,1.0,731.0,772.0,0.0,0.0,6.0,0.0,1000,41.0,0.041
media/other/17916606746985850.jpg,2024-09-19 21:00:50+07:00,Papilla.,,,,,,False,FB,2024-09-19,2024-09,,59.0,0.0,1026.0,1097.0,3.0,2.0,7.0,0.0,1000,59.0,0.059
media/other/17989106804555889.jpg,2024-09-18 21:01:03+07:00,Spooning.,,,,,,False,FB,2024-09-18,2024-09,,55.0,4.0,921.0,986.0,5.0,1.0,12.0,0.0,1000,59.0,0.059
media/other/18062807653640533.jpg,2024-09-17 21:00:56+07:00,Studio cleaning.,,,,,,False,FB,2024-09-17,2024-09,,42.0,1.0,846.0,904.0,0.0,1.0,9.0,0.0,1000,43.0,0.043
media/other/18326422351145349.jpg,2024-09-16 21:01:19+07:00,Muffled sounds.,,,,,,False,FB,2024-09-16,2024-09,,79.0,3.0,1392.0,1534.0,3.0,0.0,17.0,0.0,1000,82.0,0.082
media/other/18014448080322212.jpg,2024-09-15 21:00:52+07:00,Putting on a show.,,,,,,False,FB,2024-09-15,2024-09,,43.0,0.0,875.0,958.0,0.0,1.0,10.0,0.0,1000,43.0,0.043
media/other/18038905898122643.jpg,2024-09-14 21:01:00+07:00,Caviar constellations.,,,,,,False,FB,2024-09-14,2024-09,,45.0,0.0,773.0,857.0,1.0,0.0,4.0,0.0,1000,45.0,0.045
media/other/18456218011048830.jpg,2024-09-13 21:00:58+07:00,Hips donât lie.,,,,,,False,FB,2024-09-13,2024-09,,64.0,2.0,887.0,985.0,5.0,1.0,12.0,0.0,1000,66.0,0.066
media/other/18042693433999823.jpg,2024-09-12 21:00:54+07:00,Building bronze brutalism.,,,,,,False,FB,2024-09-12,2024-09,,37.0,1.0,726.0,819.0,5.0,0.0,4.0,0.0,1000,38.0,0.038
media/posts/202409/18050603644886064.mp4,2024-09-11 21:00:48+07:00,,2024-09-11 21:00:49+07:00,View of front and back.,[],[],"[{'product_name': '18K Roman Three Graces', 'merchant_name': 'carinahardy.studio', 'product_id': 7121826507944406, 'x': 0.54669803380966, 'y': 0.70393109321594}]",False,FB,2024-09-11,2024-09,2024-09-11,0.0,0.0,0.0,0.0,0.0,0.0,,,1000,0.0,0.0
media/posts/202409/18019012961235348.jpg,2024-09-11 21:00:48+07:00,,2024-09-11 21:00:49+07:00,View of front and back.,,,"[{'product_name': '18K Roman Three Graces', 'merchant_name': 'carinahardy.studio', 'product_id': 7121826507944406, 'x': 0.51733333333333, 'y': 0.73733333333333}]",False,FB,2024-09-11,2024-09,2024-09-11,0.0,0.0,0.0,0.0,0.0,0.0,,,1000,0.0,0.0
media/other/17862709995225803.jpg,2024-09-10 21:00:55+07:00,âUnboxing Experienceâ,,,,,,False,FB,2024-09-10,2024-09,,58.0,0.0,1043.0,1127.0,7.0,2.0,12.0,0.0,1000,58.0,0.058
media/other/17877153768138002.jpg,2024-09-09 21:00:51+07:00,Cut from the same cloth.,,,,,,False,FB,2024-09-09,2024-09,,50.0,3.0,958.0,1049.0,9.0,0.0,8.0,0.0,1000,53.0,0.053
media/other/17974486238764986.jpg,2024-09-08 21:00:46+07:00,I like the spout.,,,,,,False,FB,2024-09-08,2024-09,,37.0,1.0,1086.0,1179.0,4.0,0.0,4.0,0.0,1000,38.0,0.038
media/other/18106327948420268.jpg,2024-09-07 21:00:48+07:00,Playing dress down.,,,,,,False,FB,2024-09-07,2024-09,,202.0,7.0,1815.0,2047.0,5.0,2.0,38.0,0.0,1000,209.0,0.209
media/other/18247786750270333.jpg,2024-09-06 21:00:54+07:00,The Great Wave of Kanagawa,,,,,,False,FB,2024-09-06,2024-09,,59.0,0.0,1108.0,1220.0,13.0,4.0,13.0,0.0,1000,59.0,0.059
media/other/18241951717281534.jpg,2024-09-05 21:01:03+07:00,"Rubber, rock and gold.",,,,,,False,FB,2024-09-05,2024-09,,45.0,0.0,920.0,989.0,5.0,1.0,11.0,1.0,1000,45.0,0.045
media/other/18035981891502153.jpg,2024-09-04 21:00:55+07:00,Less is more.,,,,,,False,FB,2024-09-04,2024-09,,59.0,1.0,773.0,841.0,1.0,0.0,16.0,0.0,1000,60.0,0.06
media/other/17958644030689080.jpg,2024-08-28 21:00:51+07:00,Great timing.,,,,,,False,FB,2024-08-28,2024-08,,46.0,1.0,971.0,1080.0,1.0,0.0,18.0,0.0,1000,47.0,0.047
media/posts/202408/17917122911971439.mp4,2024-08-27 19:30:49+07:00,,2024-08-27 19:30:50+07:00,Profile gazing.,[],[],,False,FB,2024-08-27,2024-08,2024-08-27,0.0,0.0,0.0,0.0,0.0,0.0,,,1000,0.0,0.0
media/posts/202408/18046183903916107.jpg,2024-08-27 19:30:49+07:00,,2024-08-27 19:30:50+07:00,Profile gazing.,,,"[{'product_name': '18K Lotus Studs', 'merchant_name': 'carinahardy.studio', 'product_id': 7128879723905547, 'x': 0.496, 'y': 0.68466666666667}]",False,FB,2024-08-27,2024-08,2024-08-27,0.0,0.0,0.0,0.0,0.0,0.0,,,1000,0.0,0.0
media/other/17946103076836768.jpg,2024-08-26 21:00:54+07:00,Chasing the egg.,,,,,,False,FB,2024-08-26,2024-08,,43.0,0.0,1231.0,1347.0,2.0,0.0,13.0,0.0,1000,43.0,0.043
media/other/17937870722778569.jpg,2024-08-25 21:00:43+07:00,Sea shell ear.,,,,,,False,FB,2024-08-25,2024-08,,29.0,0.0,947.0,1004.0,1.0,0.0,11.0,1.0,1000,29.0,0.029
media/other/18075787819477816.jpg,2024-08-23 21:00:50+07:00,Assorted peaks.,,,,,,False,FB,2024-08-23,2024-08,,76.0,1.0,1115.0,1198.0,9.0,2.0,10.0,0.0,1000,77.0,0.077
media/posts/202408/18020806079455499.mp4,2024-08-22 19:30:55+07:00,,2024-08-22 19:30:56+07:00,The veins.,[],[],,False,FB,2024-08-22,2024-08,2024-08-22,0.0,0.0,0.0,0.0,0.0,0.0,,,1000,0.0,0.0
media/posts/202408/17948107370831946.jpg,2024-08-22 19:30:54+07:00,,2024-08-22 19:30:56+07:00,The veins.,,,"[{'product_name': '18K Lilypad Pendant', 'merchant_name': 'carinahardy.studio', 'product_id': 7161725030541553, 'x': 0.50266666666667, 'y': 0.73466666666667}]",False,FB,2024-08-22,2024-08,2024-08-22,0.0,0.0,0.0,0.0,0.0,0.0,,,1000,0.0,0.0
media/other/18055332136778544.jpg,2024-08-21 21:00:49+07:00,Cannon balls.,,,,,,False,FB,2024-08-21,2024-08,,200.0,7.0,2038.0,2170.0,11.0,1.0,30.0,0.0,1000,207.0,0.207
media/other/18004523168405848.jpg,2024-08-20 21:00:55+07:00,How many are there?,,,,,,False,FB,2024-08-20,2024-08,,64.0,1.0,1349.0,1447.0,10.0,1.0,30.0,3.0,1000,65.0,0.065
media/other/18060957856634788.jpg,2024-08-19 21:00:46+07:00,Hanging in there.,,,,,,False,FB,2024-08-19,2024-08,,56.0,5.0,1068.0,1170.0,2.0,0.0,5.0,0.0,1000,61.0,0.061
media/other/18102534739428893.jpg,2024-08-18 21:00:48+07:00,Stacked.,,,,,,False,FB,2024-08-18,2024-08,,64.0,0.0,1095.0,1186.0,4.0,0.0,9.0,0.0,1000,64.0,0.064
media/other/17893945524058870.jpg,2024-08-17 21:00:51+07:00,Dirty ducks.,,,,,,False,FB,2024-08-17,2024-08,,54.0,1.0,963.0,1034.0,6.0,0.0,10.0,0.0,1000,55.0,0.055
media/other/18195823267293456.jpg,2024-08-16 21:00:56+07:00,Three Graces.,,,,,,False,FB,2024-08-16,2024-08,,118.0,7.0,1632.0,1750.0,4.0,1.0,31.0,0.0,1000,125.0,0.125
media/other/17854112100248006.jpg,2024-08-15 21:01:11+07:00,Some fell.,,,,,,False,FB,2024-08-15,2024-08,,54.0,2.0,892.0,956.0,0.0,0.0,12.0,0.0,1000,56.0,0.056
media/other/17953315721816843.jpg,2024-08-14 21:01:04+07:00,A trilogy.,,,,,,False,FB,2024-08-14,2024-08,,47.0,1.0,920.0,1003.0,10.0,0.0,12.0,0.0,1000,48.0,0.048
media/other/18049516135858462.jpg,2024-08-13 21:00:59+07:00,Gradients of color.,,,,,,False,FB,2024-08-13,2024-08,,70.0,0.0,1169.0,1289.0,8.0,5.0,19.0,1.0,1000,70.0,0.07
media/posts/202408/17857998162228292.mp4,2024-08-12 19:31:11+07:00,,2024-08-12 19:31:12+07:00,Daughter and Mother,[],[],,False,FB,2024-08-12,2024-08,2024-08-12,0.0,0.0,0.0,0.0,0.0,0.0,,,1000,0.0,0.0
media/posts/202408/17947524017832755.jpg,2024-08-12 19:31:10+07:00,,2024-08-12 19:31:12+07:00,Daughter and Mother,,,"[{'product_name': '18K Mother', 'merchant_name': 'carinahardy.studio', 'product_id': 25769665189299698, 'x': 0.48998913168907, 'y': 0.49251544475555}]",False,FB,2024-08-12,2024-08,2024-08-12,0.0,0.0,0.0,0.0,0.0,0.0,,,1000,0.0,0.0
media/posts/202408/18045369982910259.jpg,2024-08-12 19:31:10+07:00,,2024-08-12 19:31:12+07:00,Daughter and Mother,,,"[{'product_name': '18K Daughter Ring', 'merchant_name': 'carinahardy.studio', 'product_id': 8142290069121161, 'x': 0.49663186073303, 'y': 0.46332681179047}]",False,FB,2024-08-12,2024-08,2024-08-12,0.0,0.0,0.0,0.0,0.0,0.0,,,1000,0.0,0.0
media/other/17986568606549394.jpg,2024-08-11 22:10:21+07:00,Sand hand-fans.,,,,,,False,FB,2024-08-11,2024-08,,55.0,0.0,1003.0,1081.0,1.0,0.0,5.0,0.0,1000,55.0,0.055
media/posts/202408/17956745594797987.mp4,2024-08-10 19:30:51+07:00,,2024-08-10 19:30:52+07:00,Pirouette,[],[],,False,FB,2024-08-10,2024-08,2024-08-10,0.0,0.0,0.0,0.0,0.0,0.0,,,1000,0.0,0.0
media/posts/202408/18454728613002694.jpg,2024-08-10 19:30:51+07:00,,2024-08-10 19:30:52+07:00,Pirouette,,,"[{'product_name': '18K Lilypad Spinning Pendant', 'merchant_name': 'carinahardy.studio', 'product_id': 7305764426210375, 'x': 0.50275993347168, 'y': 0.36628583073616}]",False,FB,2024-08-10,2024-08,2024-08-10,0.0,0.0,0.0,0.0,0.0,0.0,,,1000,0.0,0.0
media/other/18024994208515299.jpg,2024-08-09 19:30:43+07:00,Trunk to trunk.,,,,,,False,FB,2024-08-09,2024-08,,53.0,3.0,961.0,1046.0,0.0,0.0,14.0,0.0,1000,56.0,0.056
media/other/17884679940021700.jpg,2024-08-08 19:30:39+07:00,Golden Staircase.,,,,,,False,FB,2024-08-08,2024-08,,46.0,0.0,937.0,1026.0,5.0,4.0,2.0,4.0,1000,46.0,0.046
media/other/18065167399597365.jpg,2024-08-07 19:30:49+07:00,Cloud Gazing.,,,,,,False,FB,2024-08-07,2024-08,,75.0,4.0,1424.0,1559.0,2.0,1.0,15.0,0.0,1000,79.0,0.079
media/other/17882398335095233.jpg,2024-08-04 21:01:07+07:00,âNot meâ,,,,,,False,FB,2024-08-04,2024-08,,63.0,2.0,964.0,1087.0,7.0,2.0,13.0,0.0,1000,65.0,0.065
media/posts/202408/17869523436159241.mp4,2024-08-03 19:30:49+07:00,,2024-08-03 19:30:49+07:00,GRWM.,[],[],,False,FB,2024-08-03,2024-08,2024-08-03,0.0,0.0,0.0,0.0,0.0,0.0,,,1000,0.0,0.0
media/posts/202408/18097190482435118.jpg,2024-08-03 19:30:49+07:00,,2024-08-03 19:30:49+07:00,GRWM.,,,"[{'product_name': '18K Pearl Droplets', 'merchant_name': 'carinahardy.studio', 'product_id': 7486537308089216, 'x': 0.3956963121891, 'y': 0.506332218647}]",False,FB,2024-08-03,2024-08,2024-08-03,0.0,0.0,0.0,0.0,0.0,0.0,,,1000,0.0,0.0
media/other/18027028949218432.jpg,2024-08-02 19:30:40+07:00,Natures Censor: Reflections.,,,,,,False,FB,2024-08-02,2024-08,,71.0,1.0,1102.0,1173.0,2.0,0.0,12.0,0.0,1000,72.0,0.072
media/other/18019324949158419.jpg,2024-08-01 19:30:35+07:00,The Scream.,,,,,,False,FB,2024-08-01,2024-08,,79.0,0.0,1041.0,1118.0,9.0,1.0,52.0,4.0,1000,79.0,0.079
media/other/18039304432839800.jpg,2024-07-31 19:30:43+07:00,"Cross my heart, _______________.",,,,,,False,FB,2024-07-31,2024-07,,52.0,5.0,1189.0,1270.0,5.0,1.0,7.0,0.0,1000,57.0,0.057
media/other/18030760628137834.jpg,2024-07-30 19:30:44+07:00,N. S. E. W.,,,,,,False,FB,2024-07-30,2024-07,,50.0,0.0,934.0,1018.0,10.0,0.0,7.0,0.0,1000,50.0,0.05
media/posts/202407/17935760870776284.mp4,2024-07-29 08:30:29+07:00,,2024-07-29 08:30:30+07:00,Slow motion sway.,[],[],,False,FB,2024-07-29,2024-07,2024-07-29,0.0,0.0,0.0,0.0,0.0,0.0,,,1000,0.0,0.0
media/posts/202407/17982204773704890.jpg,2024-07-29 08:30:29+07:00,,2024-07-29 08:30:30+07:00,Slow motion sway.,,,"[{'product_name': '18K Lilypad Jugs', 'merchant_name': 'carinahardy.studio', 'product_id': 8035403343153498, 'x': 0.33492824435234, 'y': 0.5016627907753}]",False,FB,2024-07-29,2024-07,2024-07-29,0.0,0.0,0.0,0.0,0.0,0.0,,,1000,0.0,0.0
media/other/18105144331414416.jpg,2024-07-26 19:30:47+07:00,Supply chain value add.,,,,,,False,FB,2024-07-26,2024-07,,69.0,4.0,1046.0,1121.0,4.0,1.0,18.0,0.0,1000,73.0,0.073
media/posts/202407/18011217422305339.mp4,2024-07-24 19:31:00+07:00,,2024-07-24 19:31:01+07:00,Thirsty?,[],[],"[{'product_name': '18K Sleeping Venus Cuff', 'merchant_name': 'carinahardy.studio', 'product_id': 24900639002913721, 'x': 0, 'y': 0}]",False,FB,2024-07-24,2024-07,2024-07-24,0.0,0.0,0.0,0.0,0.0,0.0,,,1000,0.0,0.0
media/posts/202407/18006986156545237.jpg,2024-07-24 19:31:00+07:00,,2024-07-24 19:31:01+07:00,Thirsty?,,,"[{'product_name': '18K Sleeping Venus Cuff', 'merchant_name': 'carinahardy.studio', 'product_id': 24900639002913721, 'x': 0.51884746551514, 'y': 0.48920375108719}]",False,FB,2024-07-24,2024-07,2024-07-24,0.0,0.0,0.0,0.0,0.0,0.0,,,1000,0.0,0.0
media/other/18015676136396133.jpg,2024-07-21 21:00:48+07:00,Touch of trust.,,,,,,False,FB,2024-07-21,2024-07,,67.0,3.0,1231.0,1343.0,3.0,0.0,21.0,3.0,1000,70.0,0.07
media/other/18009506885543551.jpg,2024-07-20 21:00:55+07:00,Duck Duck Grace.,,,,,,False,FB,2024-07-20,2024-07,,46.0,0.0,1010.0,1105.0,4.0,0.0,6.0,1.0,1000,46.0,0.046
media/other/17925800663816967.jpg,2024-07-20 07:30:38+07:00,Caught you looking.,,,,,,False,FB,2024-07-20,2024-07,,41.0,0.0,895.0,946.0,2.0,1.0,5.0,0.0,1000,41.0,0.041
media/posts/202407/18033364373094547.mp4,2024-07-18 19:23:42+07:00,,2024-07-18 19:23:43+07:00,Speed is the variable.,[],[],"[{'product_name': '18K Sleeping Venus Slider', 'merchant_name': 'carinahardy.studio', 'product_id': 7318595041543173, 'x': 0.61875081062317, 'y': 0.57490766048431}]",False,FB,2024-07-18,2024-07,2024-07-18,0.0,0.0,0.0,0.0,0.0,0.0,,,1000,0.0,0.0
media/posts/202407/17920816604938957.jpg,2024-07-18 19:23:42+07:00,,2024-07-18 19:23:43+07:00,Speed is the variable.,,,"[{'product_name': '18K Sleeping Venus Slider', 'merchant_name': 'carinahardy.studio', 'product_id': 7318595041543173, 'x': 0.48186391592026, 'y': 0.31877934932709}]",False,FB,2024-07-18,2024-07,2024-07-18,0.0,0.0,0.0,0.0,0.0,0.0,,,1000,0.0,0.0
media/other/17896016310023866.jpg,2024-07-17 19:30:44+07:00,Awake with one eye shut.,,,,,,False,FB,2024-07-17,2024-07,,74.0,0.0,1326.0,1472.0,5.0,10.0,24.0,0.0,1000,74.0,0.074
media/posts/202407/18408198886078931.mp4,2024-07-16 20:51:55+07:00,,2024-07-16 20:51:57+07:00,Wrapped around her finger.,[],[],,False,FB,2024-07-16,2024-07,2024-07-16,0.0,0.0,0.0,0.0,0.0,0.0,,,1000,0.0,0.0
media/posts/202407/18014008838242512.jpg,2024-07-16 20:51:55+07:00,,2024-07-16 20:51:57+07:00,Wrapped around her finger.,,,,False,FB,2024-07-16,2024-07,2024-07-16,0.0,0.0,0.0,0.0,0.0,0.0,,,1000,0.0,0.0
media/other/17972963996736884.jpg,2024-07-14 21:00:55+07:00,Golden drops down back.,,,,,,False,FB,2024-07-14,2024-07,,38.0,1.0,861.0,928.0,4.0,1.0,6.0,0.0,1000,39.0,0.039
media/other/17922989363926470.jpg,2024-07-14 09:00:45+07:00,Four moons setting.,,,,,,False,FB,2024-07-14,2024-07,,53.0,2.0,926.0,1006.0,2.0,0.0,13.0,0.0,1000,55.0,0.055
media/other/18270038941174975.jpg,2024-07-13 21:00:51+07:00,Fertility Goddess - Take II,,,,,,False,FB,2024-07-13,2024-07,,59.0,1.0,1236.0,1311.0,1.0,1.0,19.0,0.0,1000,60.0,0.06
media/other/18041373838925242.jpg,2024-07-13 09:00:45+07:00,Neck and Neck.,,,,,,False,FB,2024-07-13,2024-07,,60.0,1.0,993.0,1060.0,10.0,2.0,15.0,0.0,1000,61.0,0.061
media/other/18100229539420784.jpg,2024-07-12 07:30:38+07:00,Wet Dream.,,,,,,False,FB,2024-07-12,2024-07,,54.0,5.0,1231.0,1361.0,3.0,3.0,25.0,0.0,1000,59.0,0.059
media/other/18190444993295328.jpg,2024-07-11 19:30:33+07:00,product_photo.jpg,,,,,"[{'product_name': 'LP Lotus Studs', 'merchant_name': 'carinahardy.studio', 'product_id': 9265622253508427, 'x': 0.52666666666667, 'y': 0.358}, {'product_name': 'LP Jugs', 'merchant_name': 'carinahardy.studio', 'product_id': 5976346732494046, 'x': 0.536, 'y': 0.57}]",False,FB,2024-07-11,2024-07,,55.0,0.0,920.0,1030.0,6.0,1.0,18.0,0.0,1000,55.0,0.055
media/other/18008398001611283.jpg,2024-07-10 07:30:29+07:00,A Point of Intersection.,,,,,,False,FB,2024-07-10,2024-07,,132.0,1.0,1885.0,2074.0,8.0,1.0,55.0,0.0,1000,133.0,0.133
media/other/18013553804224632.jpg,2024-07-09 19:30:42+07:00,Sunset with golden waves breaking.,,,,,,False,FB,2024-07-09,2024-07,,83.0,5.0,1064.0,1161.0,9.0,3.0,15.0,2.0,1000,88.0,0.088
media/other/17936217308853227.jpg,2024-07-06 09:00:52+07:00,Topography of a tango.,,,,,,False,FB,2024-07-06,2024-07,,464.0,4.0,22855.0,32764.0,16.0,7.0,350.0,7.0,1000,468.0,0.468
media/other/18450965923058024.jpg,2024-07-05 07:30:33+07:00,The Chosen One.,,,,,,False,FB,2024-07-05,2024-07,,312.0,11.0,16793.0,31709.0,78.0,9.0,1095.0,146.0,1000,323.0,0.323
media/other/18040563178900075.jpg,2024-07-04 19:30:30+07:00,"____, can I post this?",,,,,,False,FB,2024-07-04,2024-07,,274.0,7.0,2670.0,3028.0,24.0,5.0,132.0,0.0,1000,281.0,0.281
media/other/17884489788065286.jpg,2024-07-03 11:01:01+07:00,Legions and legions.,,,,,"[{'product_name': '18K Venus de Milo', 'merchant_name': 'carinahardy.studio', 'product_id': 25268551402758953, 'x': 0.404, 'y': 0.80733333333333}, {'product_name': '18K Woman of Willendorf', 'merchant_name': 'carinahardy.studio', 'product_id': 7664276020272521, 'x': 0.572, 'y': 0.31866666666667}, {'product_name': '18K Birth of Venus', 'merchant_name': 'carinahardy.studio', 'product_id': 7359377807442457, 'x': 0.4, 'y': 0.53133333333333}, {'product_name': ""18K Botticelli's Three Graces"", 'merchant_name': 'carinahardy.studio', 'product_id': 7267125360043586, 'x': 0.62933333333333, 'y': 0.67733333333333}]",False,FB,2024-07-03,2024-07,,76.0,3.0,947.0,1056.0,18.0,3.0,12.0,1.0,1000,79.0,0.079
media/other/17877997695097484.jpg,2024-07-01 19:00:49+07:00,Real hair extension.,,,,,,False,FB,2024-07-01,2024-07,,68.0,0.0,1262.0,1395.0,2.0,1.0,20.0,0.0,1000,68.0,0.068
media/other/17999583992423326.jpg,2024-06-30 22:00:57+07:00,Creased squeezing.,,,,,,False,FB,2024-06-30,2024-06,,53.0,0.0,1044.0,1141.0,6.0,1.0,6.0,0.0,1000,53.0,0.053
media/other/18404637241078566.jpg,2024-06-29 22:00:59+07:00,Stone age hammock.,,,,,,False,FB,2024-06-29,2024-06,,59.0,2.0,1227.0,1348.0,2.0,0.0,11.0,0.0,1000,61.0,0.061
media/other/18105765676403756.jpg,2024-06-29 12:00:42+07:00,Sweat rivulets.,,,,,,False,FB,2024-06-29,2024-06,,85.0,0.0,1294.0,1403.0,5.0,3.0,22.0,0.0,1000,85.0,0.085
media/other/18091839637452286.jpg,2024-06-28 06:00:46+07:00,A most bizarre dream.,,,,,,False,FB,2024-06-28,2024-06,,78.0,2.0,1134.0,1255.0,4.0,0.0,27.0,0.0,1000,80.0,0.08
media/other/17953128281687608.jpg,2024-06-27 22:00:52+07:00,An Italian dialect.,,,,,,False,FB,2024-06-27,2024-06,,66.0,1.0,841.0,934.0,6.0,3.0,13.0,0.0,1000,67.0,0.067
media/other/18025525922324723.jpg,2024-06-25 11:00:50+07:00,Vessel and home.,,,,,,False,FB,2024-06-25,2024-06,,86.0,3.0,1039.0,1140.0,10.0,1.0,25.0,0.0,1000,89.0,0.089
media/other/17849817147232991.jpg,2024-06-24 08:00:56+07:00,"Yes blood, no foul.",,,,,,False,FB,2024-06-24,2024-06,,239.0,7.0,23580.0,49796.0,36.0,20.0,2345.0,47.0,1000,246.0,0.246
media/other/17916896996941414.jpg,2024-06-23 08:00:59+07:00,Most intimate and foreign.,,,,,,False,FB,2024-06-23,2024-06,,49.0,3.0,884.0,996.0,1.0,1.0,13.0,0.0,1000,52.0,0.052
media/other/18034025366003425.jpg,2024-06-21 19:30:40+07:00,69,,,,,"[{'product_name': '18K Birth of Venus', 'merchant_name': 'carinahardy.studio', 'product_id': 7359377807442457, 'x': 0.40666666666667, 'y': 0.729}, {'product_name': ""18K Botticelli's Three Graces"", 'merchant_name': 'carinahardy.studio', 'product_id': 7267125360043586, 'x': 0.64, 'y': 0.518}]",False,FB,2024-06-21,2024-06,,30.0,1.0,620.0,674.0,3.0,0.0,7.0,1.0,1000,31.0,0.031
media/other/18032148233107483.jpg,2024-06-21 07:30:39+07:00,Hung up on hammer.,,,,,,False,FB,2024-06-21,2024-06,,33.0,0.0,653.0,718.0,0.0,1.0,9.0,0.0,1000,33.0,0.033
media/other/18057879949612533.jpg,2024-06-21 05:01:06+07:00,Make sure itâs unplugged.,,,,,,False,FB,2024-06-21,2024-06,,48.0,0.0,716.0,779.0,3.0,3.0,17.0,0.0,1000,48.0,0.048
media/other/18261104380245787.jpg,2024-06-18 02:00:17+07:00,Post historic dinosaur.,,,,,,False,FB,2024-06-18,2024-06,,55.0,0.0,734.0,824.0,4.0,3.0,17.0,0.0,1000,55.0,0.055
media/other/18146433628320064.jpg,2024-06-15 07:00:57+07:00,Metal on metal.,,,,,,False,FB,2024-06-15,2024-06,,34.0,0.0,530.0,596.0,0.0,0.0,3.0,0.0,1000,34.0,0.034
media/other/18109772368384882.jpg,2024-06-10 08:00:53+07:00,Industrial Plinth.,,,,,,False,FB,2024-06-10,2024-06,,28.0,0.0,592.0,663.0,0.0,0.0,11.0,0.0,1000,28.0,0.028
media/other/18351047257128529.jpg,2024-06-09 14:00:38+07:00,Willendorf and Three Graces.,,,,,,False,FB,2024-06-09,2024-06,,41.0,0.0,662.0,755.0,3.0,0.0,12.0,0.0,1000,41.0,0.041
media/other/17897877656937699.jpg,2024-06-08 14:00:50+07:00,Industryâs surgeon.,,,,,,False,FB,2024-06-08,2024-06,,55.0,1.0,1152.0,1373.0,1.0,0.0,19.0,0.0,1000,56.0,0.056
media/other/18034068889949637.jpg,2024-06-07 14:01:03+07:00,Divots and curves.,,,,,,False,FB,2024-06-07,2024-06,,39.0,0.0,700.0,788.0,2.0,0.0,6.0,0.0,1000,39.0,0.039
media/other/18358356151096364.jpg,2024-06-04 11:00:35+07:00,Withering Lotus pod reborn in wax.,,,,,,False,FB,2024-06-04,2024-06,,56.0,2.0,846.0,960.0,5.0,1.0,15.0,0.0,1000,58.0,0.058
media/other/17866084635113574.jpg,2024-06-02 23:00:47+07:00,"A curated jewelry drawer filled with gold rings, earrings, and pendants from CARINA HARDY. Each piece is handcrafted in Bali using recycled 18k gold, showcasing the finest artisan craftsmanship and sustainable jewelry design. Luxury designer jewelry made to last and be loved.",,,,,,False,FB,2024-06-02,2024-06,,75.0,0.0,918.0,1046.0,6.0,0.0,25.0,0.0,1000,75.0,0.075
media/other/18031969951851726.jpg,2024-06-01 14:00:53+07:00,Motion in stillness.,,,,,,False,FB,2024-06-01,2024-06,,312.0,6.0,2648.0,3024.0,35.0,9.0,91.0,1.0,1000,318.0,0.318
media/posts/202405/17852267094199842.jpg,2024-05-30 12:00:45+07:00,,2024-05-30 12:00:45+07:00,Anchors of composition.,,,,False,FB,2024-05-30,2024-05,2024-05-30,0.0,0.0,0.0,0.0,0.0,0.0,,,1000,0.0,0.0
media/posts/202405/18015598892123677.jpg,2024-05-30 12:00:45+07:00,,2024-05-30 12:00:45+07:00,Anchors of composition.,,,,False,FB,2024-05-30,2024-05,2024-05-30,0.0,0.0,0.0,0.0,0.0,0.0,,,1000,0.0,0.0
media/posts/202405/18041201578882004.jpg,2024-05-30 11:00:47+07:00,,2024-05-30 11:00:47+07:00,Chosen weapons.,,,,False,FB,2024-05-30,2024-05,2024-05-30,0.0,0.0,0.0,0.0,0.0,0.0,,,1000,0.0,0.0
media/posts/202405/18037331926930076.jpg,2024-05-30 11:00:47+07:00,,2024-05-30 11:00:47+07:00,Chosen weapons.,,,,False,FB,2024-05-30,2024-05,2024-05-30,0.0,0.0,0.0,0.0,0.0,0.0,,,1000,0.0,0.0
media/posts/202405/17847340272203170.jpg,2024-05-29 17:00:53+07:00,,2024-05-29 17:00:53+07:00,Natural selection.,,,,False,FB,2024-05-29,2024-05,2024-05-29,0.0,0.0,0.0,0.0,0.0,0.0,,,1000,0.0,0.0
media/posts/202405/18024476962977587.jpg,2024-05-29 17:00:53+07:00,,2024-05-29 17:00:53+07:00,Natural selection.,,,,False,FB,2024-05-29,2024-05,2024-05-29,0.0,0.0,0.0,0.0,0.0,0.0,,,1000,0.0,0.0
media/other/18037142605749234.jpg,2024-05-27 08:00:47+07:00,Silver trees of life.,,,,,,False,FB,2024-05-27,2024-05,,65.0,2.0,953.0,1091.0,1.0,0.0,17.0,0.0,1000,67.0,0.067
media/other/18048633694666140.jpg,2024-05-25 14:00:43+07:00,99 out of a 100 donât make it.,,,,,,False,FB,2024-05-25,2024-05,,381.0,22.0,25455.0,42099.0,45.0,6.0,277.0,20.0,1000,403.0,0.403
media/posts/202405/18030231509065131.jpg,2024-05-24 11:00:53+07:00,,2024-05-24 11:00:53+07:00,Green - early Klimt.,,,,False,FB,2024-05-24,2024-05,2024-05-24,0.0,0.0,0.0,0.0,0.0,0.0,,,1000,0.0,0.0
media/posts/202405/17886014087980223.jpg,2024-05-24 11:00:53+07:00,,2024-05-24 11:00:53+07:00,Green - early Klimt.,,,,False,FB,2024-05-24,2024-05,2024-05-24,0.0,0.0,0.0,0.0,0.0,0.0,,,1000,0.0,0.0
media/posts/202405/18049856239635343.jpg,2024-05-12 22:01:11+07:00,,2024-05-12 22:01:11+07:00,Cynthia,,,,False,FB,2024-05-12,2024-05,2024-05-12,0.0,0.0,0.0,0.0,0.0,0.0,,,1000,0.0,0.0
media/posts/202405/17881841850058550.jpg,2024-05-12 22:01:11+07:00,,2024-05-12 22:01:11+07:00,Cynthia,,,,False,FB,2024-05-12,2024-05,2024-05-12,0.0,0.0,0.0,0.0,0.0,0.0,,,1000,0.0,0.0
media/posts/202405/18029761150864127.jpg,2024-05-12 22:01:11+07:00,,2024-05-12 22:01:11+07:00,Cynthia,,,,False,FB,2024-05-12,2024-05,2024-05-12,0.0,0.0,0.0,0.0,0.0,0.0,,,1000,0.0,0.0
media/posts/202405/18055129342528097.jpg,2024-05-12 22:01:11+07:00,,2024-05-12 22:01:11+07:00,Cynthia,,,,False,FB,2024-05-12,2024-05,2024-05-12,0.0,0.0,0.0,0.0,0.0,0.0,,,1000,0.0,0.0
media/posts/202405/18040022950883081.jpg,2024-05-12 22:01:11+07:00,,2024-05-12 22:01:11+07:00,Cynthia,,,,False,FB,2024-05-12,2024-05,2024-05-12,0.0,0.0,0.0,0.0,0.0,0.0,,,1000,0.0,0.0
media/posts/202405/18044088418696947.jpg,2024-05-12 20:01:01+07:00,,2024-05-12 20:01:01+07:00,Elora,,,,False,FB,2024-05-12,2024-05,2024-05-12,0.0,0.0,0.0,0.0,0.0,0.0,,,1000,0.0,0.0
media/posts/202405/18226549816274346.jpg,2024-05-12 20:01:01+07:00,,2024-05-12 20:01:01+07:00,Elora,,,,False,FB,2024-05-12,2024-05,2024-05-12,0.0,0.0,0.0,0.0,0.0,0.0,,,1000,0.0,0.0
media/posts/202405/18045458728704605.jpg,2024-05-12 20:01:01+07:00,,2024-05-12 20:01:01+07:00,Elora,,,,False,FB,2024-05-12,2024-05,2024-05-12,0.0,0.0,0.0,0.0,0.0,0.0,,,1000,0.0,0.0
media/posts/202405/17888357420965925.jpg,2024-05-12 20:01:01+07:00,,2024-05-12 20:01:01+07:00,Elora,,,,False,FB,2024-05-12,2024-05,2024-05-12,0.0,0.0,0.0,0.0,0.0,0.0,,,1000,0.0,0.0
media/posts/202405/17910007361859254.jpg,2024-05-12 20:01:01+07:00,,2024-05-12 20:01:01+07:00,Elora,,,,False,FB,2024-05-12,2024-05,2024-05-12,0.0,0.0,0.0,0.0,0.0,0.0,,,1000,0.0,0.0
media/posts/202405/18112940428373262.jpg,2024-05-12 20:01:01+07:00,,2024-05-12 20:01:01+07:00,Elora,,,,False,FB,2024-05-12,2024-05,2024-05-12,0.0,0.0,0.0,0.0,0.0,0.0,,,1000,0.0,0.0
media/posts/202405/17878732743033743.jpg,2024-05-11 22:01:05+07:00,,2024-05-11 22:01:05+07:00,Nadya,,,,False,FB,2024-05-11,2024-05,2024-05-11,0.0,0.0,0.0,0.0,0.0,0.0,,,1000,0.0,0.0
media/posts/202405/18236522326250774.jpg,2024-05-11 22:01:05+07:00,,2024-05-11 22:01:05+07:00,Nadya,,,,False,FB,2024-05-11,2024-05,2024-05-11,0.0,0.0,0.0,0.0,0.0,0.0,,,1000,0.0,0.0
media/posts/202405/17917349885919590.jpg,2024-05-11 22:01:05+07:00,,2024-05-11 22:01:05+07:00,Nadya,,,,False,FB,2024-05-11,2024-05,2024-05-11,0.0,0.0,0.0,0.0,0.0,0.0,,,1000,0.0,0.0
media/posts/202405/18266119780238921.jpg,2024-05-11 22:01:05+07:00,,2024-05-11 22:01:05+07:00,Nadya,,,,False,FB,2024-05-11,2024-05,2024-05-11,0.0,0.0,0.0,0.0,0.0,0.0,,,1000,0.0,0.0
media/posts/202405/17857342218163495.jpg,2024-05-11 22:01:05+07:00,,2024-05-11 22:01:05+07:00,Nadya,,,,False,FB,2024-05-11,2024-05,2024-05-11,0.0,0.0,0.0,0.0,0.0,0.0,,,1000,0.0,0.0
media/posts/202405/18032791954817643.jpg,2024-05-11 22:01:05+07:00,,2024-05-11 22:01:05+07:00,Nadya,,,,False,FB,2024-05-11,2024-05,2024-05-11,0.0,0.0,0.0,0.0,0.0,0.0,,,1000,0.0,0.0
media/posts/202405/18021793214177019.jpg,2024-05-11 20:00:58+07:00,,2024-05-11 20:00:58+07:00,Komang,,,,False,FB,2024-05-11,2024-05,2024-05-11,0.0,0.0,0.0,0.0,0.0,0.0,,,1000,0.0,0.0
media/posts/202405/18002243222540185.jpg,2024-05-11 20:00:58+07:00,,2024-05-11 20:00:58+07:00,Komang,,,,False,FB,2024-05-11,2024-05,2024-05-11,0.0,0.0,0.0,0.0,0.0,0.0,,,1000,0.0,0.0
media/posts/202405/18043378510762236.jpg,2024-05-11 20:00:58+07:00,,2024-05-11 20:00:58+07:00,Komang,,,,False,FB,2024-05-11,2024-05,2024-05-11,0.0,0.0,0.0,0.0,0.0,0.0,,,1000,0.0,0.0
media/posts/202405/18015619079093928.jpg,2024-05-11 20:00:58+07:00,,2024-05-11 20:00:58+07:00,Komang,,,,False,FB,2024-05-11,2024-05,2024-05-11,0.0,0.0,0.0,0.0,0.0,0.0,,,1000,0.0,0.0
media/posts/202405/18103787452395266.jpg,2024-05-11 20:00:58+07:00,,2024-05-11 20:00:58+07:00,Komang,,,,False,FB,2024-05-11,2024-05,2024-05-11,0.0,0.0,0.0,0.0,0.0,0.0,,,1000,0.0,0.0
media/posts/202405/18437992549057708.jpg,2024-05-10 20:01:19+07:00,,2024-05-10 20:01:19+07:00,Conchita,,,,False,FB,2024-05-10,2024-05,2024-05-10,0.0,0.0,0.0,0.0,0.0,0.0,,,1000,0.0,0.0
media/posts/202405/18022330913474992.jpg,2024-05-10 20:01:19+07:00,,2024-05-10 20:01:19+07:00,Conchita,,,,False,FB,2024-05-10,2024-05,2024-05-10,0.0,0.0,0.0,0.0,0.0,0.0,,,1000,0.0,0.0
media/posts/202405/17950075622792147.jpg,2024-05-10 20:01:19+07:00,,2024-05-10 20:01:19+07:00,Conchita,,,,False,FB,2024-05-10,2024-05,2024-05-10,0.0,0.0,0.0,0.0,0.0,0.0,,,1000,0.0,0.0
media/posts/202405/18066670396525067.jpg,2024-05-10 20:01:19+07:00,,2024-05-10 20:01:19+07:00,Conchita,,,,False,FB,2024-05-10,2024-05,2024-05-10,0.0,0.0,0.0,0.0,0.0,0.0,,,1000,0.0,0.0
media/posts/202405/18266468455236165.jpg,2024-05-10 20:01:19+07:00,,2024-05-10 20:01:19+07:00,Conchita,,,,False,FB,2024-05-10,2024-05,2024-05-10,0.0,0.0,0.0,0.0,0.0,0.0,,,1000,0.0,0.0
media/posts/202405/18021829457275609.jpg,2024-05-10 20:01:19+07:00,,2024-05-10 20:01:19+07:00,Conchita,,,,False,FB,2024-05-10,2024-05,2024-05-10,0.0,0.0,0.0,0.0,0.0,0.0,,,1000,0.0,0.0
media/posts/202405/18297281560083718.jpg,2024-05-09 20:00:59+07:00,,2024-05-09 20:00:59+07:00,Myrah,,,,False,FB,2024-05-09,2024-05,2024-05-09,0.0,0.0,0.0,0.0,0.0,0.0,,,1000,0.0,0.0
media/posts/202405/17899463993989850.jpg,2024-05-09 20:00:59+07:00,,2024-05-09 20:00:59+07:00,Myrah,,,,False,FB,2024-05-09,2024-05,2024-05-09,0.0,0.0,0.0,0.0,0.0,0.0,,,1000,0.0,0.0
media/posts/202405/18017594804245013.jpg,2024-05-09 20:00:59+07:00,,2024-05-09 20:00:59+07:00,Myrah,,,,False,FB,2024-05-09,2024-05,2024-05-09,0.0,0.0,0.0,0.0,0.0,0.0,,,1000,0.0,0.0
media/posts/202405/18016811183198240.jpg,2024-05-09 20:00:59+07:00,,2024-05-09 20:00:59+07:00,Myrah,,,,False,FB,2024-05-09,2024-05,2024-05-09,0.0,0.0,0.0,0.0,0.0,0.0,,,1000,0.0,0.0
media/posts/202405/18044031694692474.jpg,2024-05-09 20:00:59+07:00,,2024-05-09 20:00:59+07:00,Myrah,,,,False,FB,2024-05-09,2024-05,2024-05-09,0.0,0.0,0.0,0.0,0.0,0.0,,,1000,0.0,0.0
media/posts/202405/18227107891276711.jpg,2024-05-09 20:00:59+07:00,,2024-05-09 20:00:59+07:00,Myrah,,,,False,FB,2024-05-09,2024-05,2024-05-09,0.0,0.0,0.0,0.0,0.0,0.0,,,1000,0.0,0.0
media/posts/202405/18013299512516786.jpg,2024-05-08 20:01:13+07:00,,2024-05-08 20:01:13+07:00,Eva,,,,False,FB,2024-05-08,2024-05,2024-05-08,0.0,0.0,0.0,0.0,0.0,0.0,,,1000,0.0,0.0
media/posts/202405/18019450100186895.jpg,2024-05-08 20:01:13+07:00,,2024-05-08 20:01:13+07:00,Eva,,,,False,FB,2024-05-08,2024-05,2024-05-08,0.0,0.0,0.0,0.0,0.0,0.0,,,1000,0.0,0.0
media/posts/202405/18018626624209003.jpg,2024-05-08 20:01:13+07:00,,2024-05-08 20:01:13+07:00,Eva,,,,False,FB,2024-05-08,2024-05,2024-05-08,0.0,0.0,0.0,0.0,0.0,0.0,,,1000,0.0,0.0
media/posts/202405/17993618159463580.jpg,2024-05-08 20:01:13+07:00,,2024-05-08 20:01:13+07:00,Eva,,,,False,FB,2024-05-08,2024-05,2024-05-08,0.0,0.0,0.0,0.0,0.0,0.0,,,1000,0.0,0.0
media/posts/202405/17862165660119533.jpg,2024-05-07 20:01:06+07:00,,2024-05-07 20:01:06+07:00,Lynn mama,,,,False,FB,2024-05-07,2024-05,2024-05-07,0.0,0.0,0.0,0.0,0.0,0.0,,,1000,0.0,0.0
media/posts/202405/18430632445062362.jpg,2024-05-07 20:01:06+07:00,,2024-05-07 20:01:06+07:00,Lynn mama,,,,False,FB,2024-05-07,2024-05,2024-05-07,0.0,0.0,0.0,0.0,0.0,0.0,,,1000,0.0,0.0
media/posts/202405/18266698258235470.jpg,2024-05-07 20:01:06+07:00,,2024-05-07 20:01:06+07:00,Lynn mama,,,,False,FB,2024-05-07,2024-05,2024-05-07,0.0,0.0,0.0,0.0,0.0,0.0,,,1000,0.0,0.0
media/posts/202405/18048087592663271.jpg,2024-05-07 20:01:06+07:00,,2024-05-07 20:01:06+07:00,Lynn mama,,,,False,FB,2024-05-07,2024-05,2024-05-07,0.0,0.0,0.0,0.0,0.0,0.0,,,1000,0.0,0.0
media/posts/202405/18067718677519530.jpg,2024-05-07 20:01:06+07:00,,2024-05-07 20:01:06+07:00,Lynn mama,,,,False,FB,2024-05-07,2024-05,2024-05-07,0.0,0.0,0.0,0.0,0.0,0.0,,,1000,0.0,0.0
media/posts/202405/17870742444048906.jpg,2024-05-07 20:01:06+07:00,,2024-05-07 20:01:06+07:00,Lynn mama,,,,False,FB,2024-05-07,2024-05,2024-05-07,0.0,0.0,0.0,0.0,0.0,0.0,,,1000,0.0,0.0
media/posts/202405/18068241868464131.jpg,2024-05-06 20:01:08+07:00,,2024-05-06 20:01:08+07:00,Lim family matriarchs,,,,False,FB,2024-05-06,2024-05,2024-05-06,0.0,0.0,0.0,0.0,0.0,0.0,,,1000,0.0,0.0
media/posts/202405/18116663755331223.jpg,2024-05-06 20:01:08+07:00,,2024-05-06 20:01:08+07:00,Lim family matriarchs,,,,False,FB,2024-05-06,2024-05,2024-05-06,0.0,0.0,0.0,0.0,0.0,0.0,,,1000,0.0,0.0
media/posts/202405/17997345323344383.jpg,2024-05-06 20:01:08+07:00,,2024-05-06 20:01:08+07:00,Lim family matriarchs,,,,False,FB,2024-05-06,2024-05,2024-05-06,0.0,0.0,0.0,0.0,0.0,0.0,,,1000,0.0,0.0
media/posts/202405/17862755370115269.jpg,2024-05-06 20:01:08+07:00,,2024-05-06 20:01:08+07:00,Lim family matriarchs,,,,False,FB,2024-05-06,2024-05,2024-05-06,0.0,0.0,0.0,0.0,0.0,0.0,,,1000,0.0,0.0
media/posts/202405/18024980963119522.jpg,2024-05-06 20:01:08+07:00,,2024-05-06 20:01:08+07:00,Lim family matriarchs,,,,False,FB,2024-05-06,2024-05,2024-05-06,0.0,0.0,0.0,0.0,0.0,0.0,,,1000,0.0,0.0
media/other/18042940216745841.jpg,2024-05-05 19:00:00+07:00,Nature and art are not orthogonal.,,,,,,False,FB,2024-05-05,2024-05,,39.0,1.0,1079.0,1249.0,9.0,0.0,4.0,1.0,1000,40.0,0.04
media/other/17899997696987367.jpg,2024-05-05 16:00:00+07:00,Mushroom gills and human artifice.,,,,,,False,FB,2024-05-05,2024-05,,57.0,1.0,948.0,1065.0,8.0,3.0,11.0,0.0,1000,58.0,0.058
media/other/18435343468008341.jpg,2024-05-05 10:07:53+07:00,The assemblage sliced.,,,,,,False,FB,2024-05-05,2024-05,,28.0,0.0,819.0,921.0,6.0,0.0,9.0,0.0,1000,28.0,0.028
media/other/18027976250011106.jpg,2024-05-04 20:01:03+07:00,To lie in disorganized sections.,,,,,,False,FB,2024-05-04,2024-05,,50.0,1.0,825.0,928.0,1.0,0.0,14.0,0.0,1000,51.0,0.051
media/other/18022821020182025.jpg,2024-05-03 20:00:41+07:00,Environmental reflection.,,,,,,False,FB,2024-05-03,2024-05,,34.0,0.0,743.0,840.0,4.0,2.0,20.0,0.0,1000,34.0,0.034
media/other/17940180305722561.jpg,2024-05-02 20:00:50+07:00,Crosscut stars.,,,,,,False,FB,2024-05-02,2024-05,,39.0,2.0,736.0,828.0,0.0,0.0,15.0,0.0,1000,41.0,0.041
media/other/18116181991327646.jpg,2024-05-01 20:00:51+07:00,Harvest season.,,,,,,False,FB,2024-05-01,2024-05,,89.0,3.0,1136.0,1294.0,4.0,1.0,40.0,0.0,1000,92.0,0.092
media/other/17974033058701423.jpg,2024-04-30 20:01:07+07:00,Leaning tower.,,,,,,False,FB,2024-04-30,2024-04,,43.0,0.0,896.0,1037.0,3.0,0.0,19.0,0.0,1000,43.0,0.043
media/other/18000636896562535.jpg,2024-04-30 15:00:47+07:00,Standing and fallen soldiers.,,,,,,False,FB,2024-04-30,2024-04,,40.0,0.0,838.0,976.0,3.0,0.0,10.0,0.0,1000,40.0,0.04
media/other/18152444275308170.jpg,2024-04-22 20:00:51+07:00,"Conception scene.
Pangu style.",,,,,,False,FB,2024-04-22,2024-04,,53.0,0.0,1127.0,1298.0,3.0,2.0,23.0,0.0,1000,53.0,0.053
media/other/18038413597847490.jpg,2024-04-20 20:00:55+07:00,"Honey, look what the ducks laid.",,,,,,False,FB,2024-04-20,2024-04,,76.0,1.0,1267.0,1451.0,6.0,1.0,36.0,0.0,1000,77.0,0.077
media/other/18087852622440491.jpg,2024-04-18 20:00:58+07:00,Life in hands.,,,,,,False,FB,2024-04-18,2024-04,,78.0,0.0,1243.0,1406.0,2.0,2.0,32.0,0.0,1000,78.0,0.078
media/other/18007486229191730.jpg,2024-04-16 20:00:50+07:00,Burgundy and viscous gold.,,,,,,False,FB,2024-04-16,2024-04,,65.0,1.0,983.0,1110.0,3.0,0.0,14.0,0.0,1000,66.0,0.066
media/other/17997627800544484.jpg,2024-04-14 22:00:51+07:00,Head on tilt.,,,,,,False,FB,2024-04-14,2024-04,,135.0,6.0,1545.0,1719.0,17.0,5.0,58.0,1.0,1000,141.0,0.141
media/other/17938435739712810.jpg,2024-04-10 20:02:30+07:00,Paleolithic birth.,,,,,,False,FB,2024-04-10,2024-04,,53.0,0.0,1112.0,1269.0,2.0,0.0,4.0,0.0,1000,53.0,0.053
media/other/17854642941157571.jpg,2024-04-10 20:01:30+07:00,Cold warmth.,,,,,,False,FB,2024-04-10,2024-04,,121.0,1.0,1410.0,1623.0,13.0,9.0,35.0,3.0,1000,122.0,0.122
media/other/17953093343774867.jpg,2024-04-10 20:01:00+07:00,Ceremony of the surreal.,,,,,,False,FB,2024-04-10,2024-04,,65.0,1.0,980.0,1106.0,1.0,0.0,28.0,1.0,1000,66.0,0.066
media/other/18080295895416904.jpg,2024-04-07 20:02:30+07:00,Plinthed decay.,,,,,,False,FB,2024-04-07,2024-04,,52.0,0.0,825.0,930.0,4.0,1.0,11.0,0.0,1000,52.0,0.052
media/other/17903037986883456.jpg,2024-04-07 20:01:30+07:00,Eye of Vanitas.,,,,,,False,FB,2024-04-07,2024-04,,45.0,3.0,860.0,958.0,4.0,0.0,18.0,0.0,1000,48.0,0.048
media/other/18020319374140389.jpg,2024-04-07 20:00:49+07:00,Meal interrupted.,,,,,,False,FB,2024-04-07,2024-04,,31.0,0.0,809.0,903.0,1.0,0.0,11.0,1.0,1000,31.0,0.031
media/other/18425747479003208.jpg,2024-04-05 20:02:30+07:00,"Silver fork, reclining.",,,,,,False,FB,2024-04-05,2024-04,,121.0,1.0,2474.0,2989.0,8.0,3.0,72.0,3.0,1000,122.0,0.122
media/other/18157128277307672.jpg,2024-04-05 20:01:31+07:00,"Croissant, drawn and quartered.",,,,,,False,FB,2024-04-05,2024-04,,44.0,4.0,961.0,1109.0,1.0,0.0,18.0,0.0,1000,48.0,0.048
media/other/17850739680144758.jpg,2024-04-05 20:01:08+07:00,Eternal and ephemeral.,,,,,,False,FB,2024-04-05,2024-04,,35.0,1.0,788.0,883.0,3.0,0.0,16.0,0.0,1000,36.0,0.036
media/other/17897838125976076.jpg,2024-04-03 20:02:30+07:00,Venus surrounded by eggs.,,,,,,False,FB,2024-04-03,2024-04,,81.0,1.0,840.0,974.0,2.0,0.0,21.0,0.0,1000,82.0,0.082
media/other/18003715097404316.jpg,2024-04-03 20:01:30+07:00,Circular time; severed.,,,,,,False,FB,2024-04-03,2024-04,,42.0,2.0,756.0,847.0,1.0,1.0,25.0,0.0,1000,44.0,0.044
media/other/17882205897040126.jpg,2024-04-03 20:00:50+07:00,Dollops of red.,,,,,,False,FB,2024-04-03,2024-04,,54.0,0.0,837.0,958.0,2.0,1.0,18.0,0.0,1000,54.0,0.054
media/other/17910520676926692.jpg,2024-04-01 20:02:30+07:00,A night sky; the moons taste.,,,,,,False,FB,2024-04-01,2024-04,,45.0,0.0,813.0,930.0,1.0,0.0,15.0,1.0,1000,45.0,0.045
media/other/18026302220001702.jpg,2024-04-01 20:01:30+07:00,Cracked shadows.,,,,,,False,FB,2024-04-01,2024-04,,54.0,0.0,907.0,1054.0,4.0,2.0,19.0,0.0,1000,54.0,0.054
media/other/18101421166386156.jpg,2024-04-01 20:00:59+07:00,Chromatic contrast.,,,,,,False,FB,2024-04-01,2024-04,,121.0,3.0,1516.0,1721.0,7.0,1.0,48.0,1.0,1000,124.0,0.124
media/other/18053741413581896.jpg,2024-03-31 22:24:00+07:00,Features overlooked.,,,,,,False,FB,2024-03-31,2024-03,,44.0,0.0,1044.0,1221.0,4.0,0.0,13.0,0.0,1000,44.0,0.044
media/other/18023821175041365.jpg,2024-03-31 21:01:28+07:00,Accent curves and colors.,,,,,,False,FB,2024-03-31,2024-03,,287.0,6.0,3250.0,3706.0,28.0,23.0,160.0,0.0,1000,293.0,0.293
media/other/17983964519649672.jpg,2024-03-31 21:01:00+07:00,A question of context.,,,,,,False,FB,2024-03-31,2024-03,,99.0,0.0,2354.0,2631.0,6.0,6.0,82.0,0.0,1000,99.0,0.099
media/other/18000107516596228.jpg,2024-03-30 20:02:30+07:00,28 tiny pearls.,,,,,,False,FB,2024-03-30,2024-03,,146.0,7.0,12833.0,21900.0,30.0,19.0,671.0,120.0,1000,153.0,0.153
media/other/17975662298532706.jpg,2024-03-30 20:01:29+07:00,"Dots, water drop.",,,,,,False,FB,2024-03-30,2024-03,,43.0,0.0,959.0,1069.0,2.0,1.0,25.0,0.0,1000,43.0,0.043
media/other/17898488831970455.jpg,2024-03-30 20:00:59+07:00,Suspended.,,,,,,False,FB,2024-03-30,2024-03,,57.0,0.0,1090.0,1261.0,4.0,2.0,25.0,1.0,1000,57.0,0.057
media/other/17958223820743486.jpg,2024-03-26 19:02:30+07:00,Throwing shade.,,,,,,False,FB,2024-03-26,2024-03,,64.0,2.0,998.0,1186.0,7.0,2.0,22.0,0.0,1000,66.0,0.066
media/other/17864408286098662.jpg,2024-03-26 19:01:31+07:00,Right crosses left.,,,,,,False,FB,2024-03-26,2024-03,,87.0,0.0,1794.0,2020.0,3.0,3.0,65.0,0.0,1000,87.0,0.087
media/other/18030288304933484.jpg,2024-03-26 19:00:52+07:00,Golden lobe.,,,,,,False,FB,2024-03-26,2024-03,,46.0,0.0,892.0,1037.0,2.0,0.0,15.0,0.0,1000,46.0,0.046
media/other/17993656409352355.jpg,2024-03-22 20:02:30+07:00,Lip service.,,,,,,False,FB,2024-03-22,2024-03,,52.0,1.0,1029.0,1222.0,1.0,1.0,27.0,0.0,1000,53.0,0.053
media/other/18019331471124643.jpg,2024-03-22 20:01:30+07:00,Collarbone cradles.,,,,,,False,FB,2024-03-22,2024-03,,86.0,1.0,1288.0,1516.0,5.0,1.0,23.0,0.0,1000,87.0,0.087
media/other/17858006157115512.jpg,2024-03-22 20:01:09+07:00,Tip of the tongue.,,,,,,False,FB,2024-03-22,2024-03,,113.0,0.0,1418.0,1670.0,10.0,3.0,40.0,0.0,1000,113.0,0.113
media/other/18036696931684670.jpg,2024-03-21 19:01:29+07:00,Clasp and contrast.,,,,,,False,FB,2024-03-21,2024-03,,76.0,2.0,1231.0,1483.0,7.0,1.0,23.0,0.0,1000,78.0,0.078
media/other/18337977934128255.jpg,2024-03-21 19:01:22+07:00,Creases dripping over.,,,,,,False,FB,2024-03-21,2024-03,,120.0,2.0,1830.0,2172.0,13.0,2.0,59.0,0.0,1000,122.0,0.122
media/other/17973756833678898.jpg,2024-03-20 19:01:07+07:00,Rolling velvet skin.,,,,,,False,FB,2024-03-20,2024-03,,75.0,2.0,1632.0,1954.0,7.0,0.0,42.0,0.0,1000,77.0,0.077
media/other/17933470850818289.jpg,2024-03-18 16:09:23+07:00,Create. Consume. Create. Consume.,,,,,,False,FB,2024-03-18,2024-03,,183.0,4.0,2135.0,2625.0,11.0,2.0,113.0,4.0,1000,187.0,0.187
media/other/17935595426812948.jpg,2024-03-18 16:06:26+07:00,Collar bone sand dunes.,,,,,,False,FB,2024-03-18,2024-03,,69.0,3.0,1198.0,1388.0,5.0,0.0,26.0,0.0,1000,72.0,0.072
media/other/18425719153045778.jpg,2024-03-18 16:05:45+07:00,Etchings in flesh.,,,,,,False,FB,2024-03-18,2024-03,,121.0,3.0,1920.0,2172.0,9.0,5.0,58.0,0.0,1000,124.0,0.124
media/other/17904902930946304.jpg,2024-03-08 20:04:23+07:00,SeeÂ more.,,,,,,False,FB,2024-03-08,2024-03,,144.0,0.0,2141.0,2735.0,9.0,4.0,102.0,2.0,1000,144.0,0.144
media/other/18079893457443261.jpg,2024-03-08 20:03:52+07:00,"Hold on. 
Here we go.",,,,,,False,FB,2024-03-08,2024-03,,287.0,18.0,15546.0,26749.0,26.0,16.0,472.0,28.0,1000,305.0,0.305
media/other/18046705567622074.jpg,2024-03-08 20:02:36+07:00,From the fissure.,,,,,,False,FB,2024-03-08,2024-03,,128.0,7.0,1796.0,2273.0,7.0,4.0,51.0,0.0,1000,135.0,0.135
media/other/18070344352483188.jpg,2024-03-08 20:02:09+07:00,Venus front and back.,,,,,,False,FB,2024-03-08,2024-03,,120.0,6.0,2591.0,3040.0,7.0,4.0,50.0,1.0,1000,126.0,0.126
media/posts/202403/17974930991527885.jpg,2024-03-08 20:01:45+07:00,,2024-03-08 20:01:46+07:00,Coming into focus.,,,,False,FB,2024-03-08,2024-03,2024-03-08,0.0,0.0,0.0,0.0,0.0,0.0,,,1000,0.0,0.0
media/posts/202403/18007659062117439.jpg,2024-03-08 20:01:45+07:00,,2024-03-08 20:01:46+07:00,Coming into focus.,,,,False,FB,2024-03-08,2024-03,2024-03-08,0.0,0.0,0.0,0.0,0.0,0.0,,,1000,0.0,0.0
media/other/17948526479776599.jpg,2024-03-08 19:58:59+07:00,Bite test. Tastes recycled.,,,,,,False,FB,2024-03-08,2024-03,,426.0,18.0,27530.0,48572.0,46.0,28.0,623.0,29.0,1000,444.0,0.444
